CCC(Cc1ccc(OC)c(C(=O)NCCc2ccc(C(F)(F)F)cc2)c1)C(=O)O,-3.1760912590556813
CCC(Cc1ccc(OC)c(C(=O)NCc2ccc(OC(F)(F)F)cc2)c1)C(=O)O,-2.9542425094393248
CCC(Cc1ccc(OC)c(CCCc2ccc(C(F)(F)F)cc2)c1)C(=O)O,-2.806179973983887
CCOC(Cc1ccc(OC)c(C(=O)NCc2ccc(C(F)(F)F)cc2)c1)C(=O)O,-3.4771212547196626
COc1ccc(CC(C)C(=O)O)cc1C(=O)NCc1ccc(C(F)(F)F)cc1,-3.4471580313422194
CCCC(Cc1ccc(OC)c(C(=O)NCc2ccc(C(F)(F)F)cc2)c1)C(=O)O,-3.380211241711606
CCC(Cc1ccc(OC)c(C(=O)NCc2ccc(OC)cc2)c1)C(=O)O,-3.8195439355418688
CCC(Cc1ccc(OC)c(OCCc2ccc(C(F)(F)F)cc2)c1)C(=O)O,-2.6020599913279625
CC(C)OC(Cc1ccc(OCCc2noc(-c3ccccc3C(F)(F)F)n2)cc1)C(=O)O,-3.397940008672037
CC(C)OC(Cc1ccc(OCc2noc(-c3ccccc3)n2)cc1)C(=O)O,-4.0
CC(C)OC(Cc1ccc(OCc2noc(-c3ccc(OC(F)(F)F)cc3)n2)cc1)C(=O)O,-3.8976270912904414
Cc1cccc(-c2nc(COc3ccc(CC(OC(C)C)C(=O)O)cc3)no2)c1,-3.204119982655925
CC(C)OC(Cc1ccc(OCc2noc(-c3cc(F)cc(F)c3)n2)cc1)C(=O)O,-2.204119982655925
CC(C)OC(Cc1ccc(OCc2noc(-c3ccc(Cl)cc3)n2)cc1)C(=O)O,-2.6989700043360187
CC(C)OC(Cc1ccc(OCc2noc(-c3ccc(C(F)(F)F)cc3)n2)cc1)C(=O)O,-2.6989700043360187
CC(C)OC(Cc1ccc(OCc2noc(-c3ccc(C(C)C)cc3)n2)cc1)C(=O)O,-3.8976270912904414
CC(C)OC(Cc1ccc(OCc2noc(-c3cccc(F)c3)n2)cc1)C(=O)O,-3.8976270912904414
Cc1ccccc1-c1nc(COc2ccc(CC(OC(C)C)C(=O)O)cc2)no1,-3.204119982655925
CC(C)OC(Cc1ccc(OCCc2noc(-c3cccc(C(F)(F)F)c3)n2)cc1)C(=O)O,-2.6989700043360187
CC(C)OC(Cc1ccc(OCCc2noc(-c3cccc(F)c3)n2)cc1)C(=O)O,-3.6020599913279625
CC(C)OC(Cc1ccc(OCc2noc(-c3ccc(Br)cc3)n2)cc1)C(=O)O,-2.8976270912904414
CC(C)OC(Cc1ccc(OCc2noc(-c3ccc(C(C)(C)C)cc3)n2)cc1)C(=O)O,-3.6989700043360183
Cc1oc(-c2ccccc2)nc1CCOc1ccc(C[C@@](C)(Oc2ccccc2)C(=O)O)cc1,-3.479143247978613
CC(C)(Oc1cccc(CCCN(Cc2ccc(C(F)(F)F)cc2C(F)(F)F)C(=O)COc2ccc(Cl)c(Cl)c2)c1)C(=O)O,-1.968482948553935
CC(C)(Oc1cccc(CCCN(C(=O)Cc2ccc(C(F)(F)F)cc2)c2cccc(-c3ncon3)c2C2CC2)c1)C(=O)O,-2.633468455579586
CC(C)(Oc1cccc(CCCN(C(=O)COc2ccc(Cl)c(Cl)c2)c2cccc(-c3ncon3)c2C2CC2)c1)C(=O)O,-3.0
CC(C)(Oc1cccc(CCCN(C(=O)c2ccc(C(F)(F)F)c(C(F)(F)F)c2)c2cccc(-c3ncon3)c2C2CC2)c1)C(=O)O,-3.0
CC(C)(Oc1cccc(CCCN(Cc2ccc(C(F)(F)F)cc2C(F)(F)F)C(=O)Cc2ccc(C(F)(F)F)cc2)c1)C(=O)O,-1.2787536009528289
CC(C)(Oc1cccc(CCCN(CCOC(=O)c2ccc(N=C=O)cc2)Cc2ccc(C(F)(F)F)cc2C(F)(F)F)c1)C(=O)O,-2.204119982655925
CCO[C@@H](Cc1ccc(OCC=C(c2ccc(-c3ccco3)cc2)c2ccc(-c3ccco3)cc2)cc1)C(=O)O,-3.0
CCO[C@@H](Cc1ccc(OCC=C(c2ccc(-c3ccccc3)cc2)c2ccc(-c3ccccc3)cc2)cc1)C(=O)O,-2.6989700043360187
CCO[C@@H](Cc1ccc(OCC=C(c2ccccc2)c2ccccc2)cc1)C(=O)O,-3.755874855672492
CCO[C@@H](Cc1ccc(OCC=C(c2ccc(Br)cc2)c2ccc(Br)cc2)cc1)C(=O)O,-2.6020599913279625
CCCCCCCN(CCc1ccc(OC(C)(C)C(=O)O)cc1)C(=O)Nc1ccc(F)cc1,-3.4913616938342726
CCCc1cc(Oc2ccccc2)ccc1OCCCOc1ccc(C2SC(=O)NC2=O)cc1CCC,-3.4771212547196626
CC(C)(Oc1ccc(CCN(C(=O)Nc2ccc(F)cc2F)C2CCCCCC2)cc1)C(=O)O,-2.8976270912904414
CC(C)(Oc1ccc(CCCN(CCc2c(F)cccc2Cl)C(=O)Nc2cccc(Cl)c2Cl)cc1)C(=O)O,-2.278753600952829
CCCc1c(OCCCSc2ccc(CC(=O)O)cc2Cl)ccc2c(-c3ccccc3)coc12,-0.8976270912904414
COc1ccc(CC2SC(=O)NC2=O)cc1C(=O)NCc1ccc(C(F)(F)F)cc1,-3.959041392321093
Cc1oc(-c2ccccc2)nc1CCOc1ccc(C[C@@H](C(=O)O)n2cccc2)cc1,-3.57978359661681
CCCc1c(OCCCSc2ccc(CC(=O)O)cc2Cl)ccc2c(-c3ccccc3)noc12,-0.4771212547196624
CCCc1c(OCCCOc2ccc(/C=C/C(=O)O)cc2)ccc2c(-c3ccccc3)noc12,-2.170261715394957
CCCc1c(OCCCOc2ccc(CCCC(=O)O)cc2)ccc2c(-c3ccccc3)noc12,-2.2624510897304293
COC(=O)C(Cc1ccc(OCCOc2ccc3ccccc3c2)cc1)C(=O)O,-3.0211892990699383
COC(=O)C(Cc1ccc(OCCOc2ccc3c(c2)NCCC3)cc1)C(=O)O,-3.4899584794248346
CCCc1c(OCCCCOc2ccc(OC(C)(C)C(=O)O)cc2)ccc2c(-c3ccccc3)noc12,-2.2355284469075487
NC(=O)C(Cc1ccc(OCCOc2ccc3c(c2)NCCC3)cc1)C(=O)O,-3.558708570533166
CCCCCCCCCCCCCCC(Br)C(=O)O,-3.5705429398818973
CCCc1c(OCCCCOc2cccc(C(C)(C)C(=O)O)c2)ccc2c(-c3ccccc3)noc12,-2.6020599913279625
COC(=O)C(Cc1ccc(OCCOc2ccc3c(c2)NCCC3)cc1)C(=O)OC,-3.499687082618404
CCCc1c(OCCCCOc2ccc(CC(C)(C)C(=O)O)cc2)ccc2c(-c3ccccc3)noc12,-2.934498451243568
CCCc1c(OCCCOc2ccc(OCC(=O)O)cc2)ccc2c(-c3ccccc3)noc12,-1.2041199826559248
COC(=O)C(Cc1ccc(OCCOc2ccc3c(c2)CCCC3)cc1)C(=O)OC,-3.519827993775719
CCCc1c(OCCCCOc2cccc(CC(=O)O)c2)ccc2c(-c3ccccc3)noc12,-1.3010299956639813
COC(=O)C(Cc1ccc(OCCOc2ccc3ccccc3c2)cc1)C(=O)OC,-3.103803720955957
CCCc1c(OCCCOc2ccc(CC(=O)O)cc2)ccc2c(-c3ccccc3)noc12,-2.167317334748176
COC(=O)C(Cc1ccc(OCCOc2ccc3c(c2)CCCC3)cc1)C(=O)O,-3.3891660843645326
CC(C)(Sc1ccc(CCN(CCCCC2CCCCC2)C(=O)NC2CCCCC2)cc1)C(=O)O,-3.792391689498254
COc1ccc(NC(=O)N(CCc2ccc(SC(C)(C)C(=O)O)cc2)CCc2ccc(-c3ccccc3)cc2)c(OC)c1,-3.6020599913279625
CC(C)(Sc1ccc(CCN(CCc2ccc(-c3ccccc3)cc2)C(=O)NC2CCCCC2)cc1)C(=O)O,-3.6989700043360183
COc1ccccc1NC(=O)N(CCCCC1CCCCC1)CCc1ccc(SC(C)(C)C(=O)O)cc1,-3.041392685158225
CCCn1c(CCCc2ccc(OC(C)(C)C(=O)O)cc2)nn(Cc2ccc(C)cc2)c1=O,-3.4771212547196626
Cc1ccc(Cn2nc(CCCc3ccc(OC(C)(C)C(=O)O)cc3)n(C)c2=O)cc1C,-3.462397997898956
Cn1c(CCCc2ccc(OC(C)(C)C(=O)O)cc2)nn(Cc2ccc(C(C)(C)C)cc2)c1=O,-3.4771212547196626
CCCn1c(CCCc2ccc(OC(C)(C)C(=O)O)cc2)nn(CC2CCCCC2)c1=O,-3.4771212547196626
CCO[C@@H](Cc1ccc(OC/C=C/C#Cc2cccc(C#C/C=C/COc3ccc(C[C@H](OCC)C(=O)O)cc3)c2)cc1)C(=O)O,-4.021189299069938
CCCc1c(OCCCSc2ccc(CC(=O)O)cc2Cl)ccc(/C(CC)=N/O)c1O,-0.9542425094393248
CCCc1c(OCCCSc2ccc(CC(=O)O)cc2Cl)ccc2c(CC)coc12,-1.0791812460476249
CCCc1c(OCCCSc2ccc(CC(=O)O)cc2Cl)ccc2c(CC)noc12,-1.0606978403536118
CCCc1c(OCCCSc2ccc(CC(=O)O)cc2Cl)ccc(C(C)=O)c1O,-1.9030899869919435
Cc1cc(OCc2sc(-c3ccc(C(F)(F)F)cc3)nc2C)ccc1/C=C/C(=O)O,-1.3010299956639813
Cc1nc(-c2ccc(C(F)(F)F)cc2)oc1COc1ccc(OCC(=O)O)cc1,-2.672097857935717
Cc1cc(OCc2sc(-c3ccc(C(F)(F)F)cc3)nc2C)ccc1CCC(=O)O,-1.4771212547196624
Cc1cc(SCc2oc(-c3ccc(C(F)(F)F)cc3)nc2C)ccc1OCC(=O)O,-1.0
Cc1nc(-c2ccc(C(F)(F)F)cc2)sc1COc1ccc(CCC(=O)O)cc1,-1.9542425094393248
Cc1nc(-c2ccc(C(F)(F)F)cc2)oc1COc1ccc(C(=O)O)cc1,-3.770852011642144
Cc1cc(OCc2oc(-c3ccc(C(F)(F)F)cc3)nc2C)ccc1OCC(=O)O,-1.4771212547196624
Cc1nc(-c2ccc(C(F)(F)F)cc2)sc1COc1ccc(CC(=O)O)cc1,-3.278753600952829
CCO[C@H](Cc1ccc(OC/C=C(/C)C#Cc2ccc(-c3ccc(C#C/C(C)=C/COc4ccc(C[C@@H](OCC)C(=O)O)cc4)cc3)cc2)cc1)C(=O)O,-3.612783856719736
CCCc1c(OCCOc2ccc3c(ccn3CC(=O)O)c2)ccc2c(C(F)(F)F)noc12,-2.096910013008056
CCCc1c(OCCCOc2cccc3c2ccn3CC(=O)O)ccc2c(C(F)(F)F)noc12,-2.785329835010767
CCCc1c(OCCCOc2ccc3c(ccn3CC(=O)O)c2)ccc2c(C(F)(F)F)noc12,-1.0
CCCc1c(OCCCCOc2ccc3c(ccn3CC(=O)O)c2)ccc2c(C(F)(F)F)noc12,-2.385606273598312
CCCc1c(OCCCOc2ccc3c(ccn3Cc3nn[nH]n3)c2)ccc2c(C(F)(F)F)noc12,-2.568201724066995
CCCc1c(OCCCOc2cccc3c2ccn3CC(=O)O)ccc2c(-c3ccccc3)noc12,-2.505149978319906
CCCc1c(OCCCOc2ccc3c(ccn3CC(=O)O)c2)ccc2c(-c3ccccc3)noc12,-1.9030899869919435
CCCc1c(OCCCOc2cccc3c2ccn3CC(=O)O)ccc2cc[nH]c12,-2.6232492903979003
CCCc1c(OCCCOc2ccc3c(ccn3CC(=O)O)c2)ccc2c(C(=O)C(F)(F)F)c[nH]c12,-3.962369335670021
CCCc1c(OCCCOc2cccc3c2ccn3CC(=O)O)ccc2c(-c3ccccc3)coc12,-3.3283796034387376
CCCc1c(OCCCOc2cccc3c2ccn3CC(=O)O)ccc2cc(-c3ccccc3)oc12,-3.8887409606828927
CC[C@@H](Cc1ccc(OC)c(CNC(=O)c2ccc(C(F)(F)F)c(F)c2)c1)C(=O)O,-1.4983105537896004
CCC(Cc1ccc(OC)c(CNC(=O)c2ccc(F)c(C(F)(F)F)c2)c1)C(=O)O,-3.3010299956639813
CCC(Cc1ccc(OC)c(C(=O)NCc2ccc(C(F)(F)F)cc2F)c1)C(=O)O,-3.0
O=C(O)Cn1ccc2ccc(OCCCOc3ccc(C(=O)c4ccc(F)cc4)cc3)cc21,-3.638489256954637
CCCc1cc(C(=O)c2ccc(F)cc2)ccc1OCCCOc1cccc2c1ccn2CC(=O)O,-3.6020599913279625
CCCc1cc(C(=O)c2ccc(F)cc2)ccc1OCCCOc1ccc2c(ccn2CC(=O)O)c1,-2.785329835010767
CCCc1cc(C(=O)c2ccc(F)cc2)ccc1OCCCOc1ccc2ccn(CC(=O)O)c2c1,-3.7234556720351857
O=C(O)Cn1ccc2cc(OCCCOc3ccc4cc(C(=O)c5ccccc5)ccc4c3)ccc21,-3.7481880270062
CCCc1c(OCCCOc2ccc3c(ccn3CC(=O)O)c2)ccc2cc(C(=O)c3ccccc3)ccc12,-2.6989700043360187
CCCc1c(OCCCOc2ccc3ccn(CC(=O)O)c3c2)ccc2cc(C(=O)c3ccccc3)ccc12,-3.690196080028514
CC(C)(Oc1cccc(OCCCOc2ccc(Oc3ccc(F)cc3)cc2Cl)c1)C(=O)O,-3.3483048630481607
O=C(O)COc1ccc(OCc2cc(-c3ccccc3)cc(-c3ccccc3)c2)cc1,-2.9867717342662448
Cc1cc(OCc2cc(-c3ccc(C(F)(F)F)cc3)nc(-c3ccc(C(F)(F)F)cc3)n2)ccc1OCC(=O)O,-1.4771212547196624
Cc1cc(OCc2cc(-c3ccc(OC(F)(F)F)cc3)nc(-c3ccc(OC(F)(F)F)cc3)n2)ccc1OCC(=O)O,-1.6020599913279625
COc1ccc(-c2cc(COc3ccc(OCC(=O)O)c(C)c3)nc(-c3ccc(OC)cc3)n2)cc1,-2.322219294733919
Cc1cc(OCc2nc(-c3ccc(OC(F)(F)F)cc3)cc(-c3ccc(OC(F)(F)F)cc3)n2)ccc1OCC(=O)O,-1.9542425094393248
Cc1cc(OCc2cc(-c3ccc(-c4ccccc4)cc3)cc(-c3ccc(C(F)(F)F)cc3)c2)ccc1OCC(=O)O,-1.7781512503836436
Cc1ccc(-c2cc(COc3ccc(OCC(=O)O)c(C)c3)cc(-c3ccc(C(F)(F)F)cc3)c2)cc1,-1.845098040014257
COc1ccc(-c2cc(COc3ccc(OCC(=O)O)c(C)c3)cc(-c3ccc(C(F)(F)F)cc3)c2)cc1,-1.845098040014257
Cc1cc(OCc2cc(-c3ccc(OC(F)(F)F)cc3)cc(-c3ccc(C(F)(F)F)cc3)c2)ccc1OCC(=O)O,-1.7781512503836436
Cc1cc(OCc2cc(-c3ccc(C(F)(F)F)cc3)cc(-c3cccc(C(F)(F)F)c3)c2)ccc1OCC(=O)O,-2.7481880270062
Cc1cc(OCc2cc(-c3ccc(OC(F)(F)F)cc3)cc(-c3ccc(OC(F)(F)F)cc3)c2)ccc1OCC(=O)O,-1.4771212547196624
Cc1cc(OCc2cc(-c3ccc(Cl)cc3)cc(-c3ccc(Cl)cc3)c2)ccc1OCC(=O)O,-2.041392685158225
Cc1cc(OCc2cc(-c3ccc(N(C)C)cc3)cc(-c3ccc(N(C)C)cc3)c2)ccc1OCC(=O)O,-2.690196080028514
COc1ccc(-c2cc(COc3ccc(OCC(=O)O)c(C)c3)cc(-c3ccc(OC)cc3)c2)cc1,-2.544068044350276
O=C(O)Cc1ccc(SCc2cc(-c3ccc(C(F)(F)F)cc3)cc(-c3ccc(C(F)(F)F)cc3)c2)c(Cl)c1,-2.204119982655925
O=C(O)Cc1ccc(OCc2cc(-c3ccc(C(F)(F)F)cc3)cc(-c3ccc(C(F)(F)F)cc3)c2)c(Cl)c1,-2.7323937598229686
Cc1cc(SCc2cc(-c3ccc(C(F)(F)F)cc3)cc(-c3ccc(C(F)(F)F)cc3)c2)ccc1OCC(=O)O,-1.4771212547196624
Cc1cc(OCC(=O)O)ccc1OCc1cc(-c2ccc(C(F)(F)F)cc2)cc(-c2ccc(C(F)(F)F)cc2)c1,-1.845098040014257
Cc1cc(OCc2cc(-c3ccc(C(F)(F)F)cc3)cc(-c3ccc(C(F)(F)F)cc3)c2)ccc1OCC(=O)O,-1.0
Cc1cc(OCc2cc(-c3ccccc3)cc(-c3ccccc3)c2)ccc1OCC(=O)O,-2.7481880270062
CC(C)(Oc1ccc(OCc2cc(-c3ccc(C(F)(F)F)cc3)cc(-c3ccc(C(F)(F)F)cc3)c2)cc1)C(=O)O,-1.6989700043360187
O=C(O)COc1ccc(OCc2cc(-c3ccc(C(F)(F)F)cc3)cc(-c3ccc(C(F)(F)F)cc3)c2)cc1,-2.041392685158225
Cc1onc(-c2c(Cl)cccc2Cl)c1C(=O)OCCOc1ccc(C(F)(F)F)cc1[N+](=O)[O-],-2.361727836017593
Cc1onc(-c2ccc(CC(=O)O)cc2Cl)c1COCCOc1ccc(C(F)(F)F)cc1[N+](=O)[O-],-2.113943352306837
Cc1onc(-c2ccc(CC(=O)O)cc2Cl)c1C(=O)NCCOc1ccc(C(F)(F)F)cc1[N+](=O)[O-],-0.6020599913279624
CCc1onc(-c2ccc(CC(=O)O)cc2Cl)c1C(=O)NCCOc1ccc(Cl)cc1Cl,-2.041392685158225
CC(C)c1onc(-c2ccc(CC(=O)O)cc2Cl)c1C(=O)NCCOc1ccc(Cl)cc1Cl,-1.9542425094393248
O=C(O)Cc1ccc(-c2noc(C3CC3)c2C(=O)NCCOc2ccc(Cl)cc2Cl)c(Cl)c1,-1.4771212547196624
O=C(O)Cc1ccc(-c2noc(-c3ccco3)c2C(=O)NCCOc2ccc(Cl)cc2Cl)c(Cl)c1,-1.0
O=C(O)Cc1ccc(-c2noc(-c3ccccc3)c2C(=O)NCCOc2ccc(Cl)cc2Cl)c(Cl)c1,-1.9030899869919435
CN(CCOc1ccc(Cl)cc1Cl)C(=O)c1c(-c2ccc(CC(=O)O)cc2Cl)noc1-c1ccccc1,-3.5646660642520893
O=C(O)Cc1ccc(-c2noc(-c3ccccc3)c2C(=O)CCCOc2ccc(Cl)cc2Cl)c(Cl)c1,-1.4771212547196624
CCOC(Cc1cccc2c1ccn2CCCc1nc(-c2ccccc2)oc1C)C(=O)O,-3.380211241711606
CCOC(Cc1ccc2c(ccn2Cc2nc(-c3ccccc3C)oc2C)c1)C(=O)O,-3.812913356642856
CCOC(Cc1ccc2c(ccn2Cc2nc(-c3ccccc3Cl)oc2C)c1)C(=O)O,-3.662757831681574
CCOC(Cc1ccc2c(ccn2Cc2nc(-c3cccc(Cl)c3)oc2C)c1)C(=O)O,-3.380211241711606
CCOC(Cc1ccc2c(ccn2Cc2nc(-c3ccc(C(F)(F)F)cc3)oc2C)c1)C(=O)O,-3.230448921378274
CCOC(Cc1ccc2c(ccn2Cc2nc(-c3ccc(CC)cc3)oc2C)c1)C(=O)O,-3.397940008672037
CCOC(Cc1ccc2c(ccn2Cc2nc(-c3cc(C)cc(C)c3)oc2C)c1)C(=O)O,-3.397940008672037
CCOC(Cc1ccc2c(ccn2Cc2nc(-c3cc(Cl)cc(Cl)c3)oc2C)c1)C(=O)O,-3.146128035678238
CCOC(Cc1ccc2c(ccn2Cc2nc(-c3cc(OC)cc(OC)c3)oc2C)c1)C(=O)O,-3.380211241711606
CCOC(Cc1ccc2c(ccn2Cc2nc(-c3ccc(F)c(C)c3)oc2C)c1)C(=O)O,-3.380211241711606
CCCOC(Cc1ccc2c(ccn2Cc2nc(-c3ccc(C(F)(F)F)cc3)oc2C)c1)C(=O)O,-3.204119982655925
Cc1oc(-c2ccc(C(F)(F)F)cc2)nc1Cn1ccc2cc(CC(OC(C)C)C(=O)O)ccc21,-3.342422680822206
CCCc1cc(C(F)(F)F)ncc1OCCCOc1ccc(OCC(=O)O)c(C)c1,-1.1760912590556811
CCCc1cc(C(F)(F)F)ccc1OCCCOc1ccc(OCC(=O)O)c(C)c1,-0.8450980400142568
CCCc1cc(C(F)(F)F)ccc1OCCCOc1ccc(OCC(=O)OC)cc1,-1.9912260756924949
CCCc1c(OCCCOc2ccc(OCC(=O)OC)cc2)cnc(C(C)=O)c1O,-1.9138138523837167
CC(=O)c1ccc(OCCCOc2ccc(OCC(=O)O)cc2)cc1O,-4.0
CCCc1c(OCCCOc2ccc(OCC(=O)OC)cc2)ccc(C(C)=O)c1O,-2.6599162000698504
CCc1ccc(OCCCOc2ccc(OC(C)(C)C(=O)O)cc2)c(C(=O)c2ccccc2)c1,-1.6720978579357175
C[C@H](CCOc1ccc(CCC(=O)O)c(F)c1)Oc1ccc(Cl)cc1Oc1ccccc1,-1.5314789170422551
C[C@H](CCOc1ccc(CCC(=O)O)c(C(F)(F)F)c1)Oc1ccc(Cl)cc1Oc1ccccc1,-1.863322860120456
Cc1cc(OCC[C@@H](C)Oc2ccc(C(F)(F)F)cc2Oc2ccccc2)ccc1CCC(=O)O,-0.0
Cc1cc(OCC[C@@H](C)Oc2ccc(OC(F)(F)F)cc2Oc2ccccc2)ccc1CCC(=O)O,-0.3010299956639812
CCc1ccc(O[C@H](C)CCOc2ccc(CCC(=O)O)c(C)c2)c(Oc2ccccc2)c1,-0.6989700043360189
CCc1ccc(OC(C)CCOc2ccc(CCC(=O)O)c(C)c2)c(Cc2ccccc2)c1,-1.845098040014257
CCCC(CCOc1ccc(CCC(=O)O)c(C)c1)Oc1ccc(CC)cc1C(=O)c1ccccc1,-1.7160033436347992
CCc1ccc(OC(CC)CCOc2ccc(CCC(=O)O)c(C)c2)c(C(=O)c2ccccc2)c1,-1.3979400086720375
CCCc1c(OCCCn2ccc3ccc(OC(C)(C)C(=O)O)cc32)ccc2cc(C(=O)c3ccccc3)ccc12,-3.665580991017953
CCCc1c(OCCCn2ccc3c(OC(C)(C)C(=O)O)cccc32)ccc2cc(C(=O)c3ccccc3)ccc12,-3.633468455579586
O=C(O)Cc1cccc(-c2noc(-c3ccccc3Cl)c2C(=O)NCCOc2ccc(Cl)cc2Cl)c1,-1.7781512503836436
Cc1ccccc1-c1onc(-c2cccc(CC(=O)O)c2)c1C(=O)NCCOc1ccc(Cl)cc1Cl,-1.6989700043360187
O=C(O)Cc1cccc(-c2noc(-c3ccco3)c2C(=O)NCCOc2ccc(Cl)cc2Cl)c1,-1.9542425094393248
COc1ccc(CC(=O)O)cc1-c1noc(-c2ccccc2)c1C(=O)NCCOc1ccc(Cl)cc1Cl,-2.7481880270062
O=C(O)CCc1cccc(-c2noc(-c3ccccc3)c2C(=O)NCCOc2ccc(Cl)cc2Cl)c1,-2.9867717342662448
Cc1cc(-c2noc(-c3ccccc3)c2C(=O)NCCOc2ccc(Cl)cc2Cl)ccc1OCC(=O)O,-2.3010299956639813
O=C(O)Cc1ccc(-c2noc(-c3ccccc3)c2C(=O)NCCOc2ccc(Cl)cc2Cl)cc1,-2.8573324964312685
CCCOC(=O)N1CCc2c(OCCc3nc(-c4ccc(-c5ccccc5)cc4)oc3C)ccc(CCC(=O)O)c2C1,-3.438858659420562
C#CCOC(=O)N1CCc2c(OCCc3nc(-c4ccccc4)oc3C)ccc(CCC(=O)O)c2C1,-3.4801507252732806
Cc1nc(-c2ccc(C(F)(F)F)cc2)sc1CCc1ccc(OC(C)(C)C(=O)O)cc1,-1.3010299956639813
Cc1cc(CCc2sc(-c3ccc(C(F)(F)F)cc3)nc2C)ccc1OCC(=O)O,-0.6020599913279624
CC(C)(Oc1ccc(CNC(=O)c2sc(-c3ccc(C(F)(F)F)cc3)nc2C(F)(F)F)cc1)C(=O)O,-3.915927211697116
Cc1nc(C(=O)NCc2ccc(OC(C)(C)C(=O)O)cc2)c(C)s1,-2.8195439355418688
Cc1nc(-c2ccccc2C(F)(F)F)sc1C(=O)NCc1ccc(OC(C)(C)C(=O)O)cc1,-2.907411360774586
Cc1nc(-c2ccc(Cl)cc2)sc1C(=O)NCc1ccc(OC(C)(C)C(=O)O)cc1,-3.7323937598229686
Cc1nc(-c2ccc(OC(F)(F)F)cc2)sc1C(=O)NCc1ccc(OC(C)(C)C(=O)O)cc1,-3.662757831681574
Cc1nc(-c2ccc(C(F)(F)F)cc2)sc1CNC(=O)c1ccc(OC(C)(C)C(=O)O)cc1,-3.7965743332104296
CCOc1cc(C)ccc1OCCCOc1ccc2c(c1)CC[C@H]2CC(=O)O,-0.3424226808222063
COc1cc(C#N)ccc1OCCCOc1ccc2c(c1)CC[C@H]2CC(=O)O,-1.146128035678238
CCCc1cc(Oc2ccccc2)ccc1OCCCOc1ccc2c(c1)CC[C@H]2CC(=O)O,-0.2787536009528289
CCCc1cc(C#N)ccc1OCCCOc1ccc2c(c1)CC[C@H]2CC(=O)O,-1.3979400086720375
CCCc1cc(C(F)(F)F)ccc1OCCCOc1ccc2c(c1)CC[C@H]2CC(=O)O,-0.2041199826559248
CCCc1ccccc1OCCCOc1ccc2c(c1)CC[C@H]2CC(=O)O,-0.380211241711606
Cc1ccc(OCCCOc2ccc3c(c2)CC[C@H]3CC(=O)O)c(C)c1,-0.6627578316815741
COc1cccc(OCCCOc2ccc3c(c2)CC[C@H]3CC(=O)O)c1,-2.0681858617461617
Cc1ccc(OCCCOc2ccc3c(c2)CC[C@H]3CC(=O)O)cc1C,-1.8260748027008264
Cc1cccc(OCCCOc2ccc3c(c2)CC[C@H]3CC(=O)O)c1,-1.7481880270062005
O=C(O)C[C@@H]1CCc2cc(OCCCOc3ccc(-c4ccccc4)cc3)ccc21,-1.6334684555795866
N#Cc1ccc(OCCCOc2ccc3c(c2)CC[C@H]3CC(=O)O)cc1,-0.8633228601204559
CCOc1ccc(OCCCOc2ccc3c(c2)CC[C@H]3CC(=O)O)cc1,-0.8195439355418687
COc1ccc(OCCCOc2ccc3c(c2)CC[C@H]3CC(=O)O)cc1,-0.8260748027008264
O=C(O)C[C@@H]1CCc2cc(OCCCOc3ccc(OC(F)(F)F)cc3)ccc21,-1.1139433523068367
O=C(O)C[C@@H]1CCc2cc(OCCCOc3ccc(C(F)(F)F)cc3)ccc21,-0.6232492903979004
CCc1ccc(OCCCOc2ccc3c(c2)CC[C@H]3CC(=O)O)cc1,-0.9493900066449128
O=C(O)C[C@@H]1CCc2cc(OCCCOc3ccc(-c4ccc(C(F)(F)F)cn4)cc3)ccc21,0.0222763947111522
Cc1cccc(-c2ccc(OCCCOc3ccc4c(c3)CC[C@H]4CC(=O)O)cc2)n1,-0.3424226808222063
COc1ncc(-c2ccc(OCCCOc3ccc4c(c3)CC[C@H]4CC(=O)O)cc2)c(OC)n1,-0.7481880270062005
O=C(O)C[C@@H]1CCc2cc(OCCCOc3ccc(-c4cncnc4)cc3)ccc21,-1.041392685158225
COc1ccncc1-c1ccc(OCCCOc2ccc3c(c2)CC[C@H]3CC(=O)O)cc1,-1.6334684555795866
O=C(O)C[C@@H]1CCc2cc(OCCCOc3ccc(-c4cccnc4)cc3)ccc21,-0.3617278360175928
O=C(O)C[C@@H]1CCc2cc(OCCCOc3ccc(-c4ccc5cc[nH]c5c4)cc3)ccc21,-0.1760912590556812
O=C(O)C[C@@H]1CCc2cc(OCCCOc3ccc(-c4ccoc4)cc3)ccc21,-0.5797835966168101
Cc1cc(-c2nc(C(F)(F)F)ns2)ccc1OCCCOc1ccc2c(c1)CC[C@H]2CC(=O)O,-0.5314789170422551
O=C(O)C[C@@H]1CCc2cc(OCCCOc3ccc(-n4cncn4)cc3)ccc21,-1.041392685158225
CCCc1cc(-c2nc3c(s2)CCC3)ccc1OCCCOc1ccc2c(c1)CC[C@H]2CC(=O)O,-0.5440680443502757
COc1cc(-c2nc(C)c(C)s2)ccc1OCCCOc1ccc2c(c1)CC[C@H]2CC(=O)O,-0.6020599913279624
Cc1nc(-c2ccc(OCCCOc3ccc4c(c3)CC[C@H]4CC(=O)O)cc2)sc1C,-0.4623979978989561
COc1cc(-c2nc(C(F)(F)F)cs2)ccc1OCCCOc1ccc2c(c1)CC[C@H]2CC(=O)O,-0.4623979978989561
CCCc1cc(-c2nc(C(F)(F)F)cs2)ccc1OCCCOc1ccc2c(c1)CC[C@H]2CC(=O)O,-0.5185139398778874
CCCc1cc(-c2nc(C(C)(C)C)cs2)ccc1OCCCOc1ccc2c(c1)CC[C@H]2CC(=O)O,-1.041392685158225
CCc1csc(-c2ccc(OCCCOc3ccc4c(c3)CC[C@H]4CC(=O)O)cc2)n1,-0.6434526764861874
COc1cc(-c2nccs2)ccc1OCCCOc1ccc2c(c1)CC[C@H]2CC(=O)O,0.2365720064370627
CCCc1cc(-c2nccs2)ccc1OCCCOc1ccc2c(c1)CC[C@H]2CC(=O)O,-0.2041199826559248
Cc1nc(-c2ccc(OCCCOc3ccc4c(c3)CC[C@H]4CC(=O)O)cc2)sc1C(=O)O,-2.3384564936046046
CCCc1cc(-c2nc(C)c(C(=O)N(C)C)s2)ccc1OCCCOc1ccc2c(c1)CC[C@H]2CC(=O)O,-0.6434526764861874
COc1cc(-c2nc(C)c(C(C)=O)s2)ccc1OCCCOc1ccc2c(c1)CC[C@H]2CC(=O)O,-0.5314789170422551
CCCc1cc(-c2nc(C)c(C(C)=O)s2)ccc1OCCCOc1ccc2c(c1)CC[C@H]2CC(=O)O,-1.255272505103306
COc1cc(-c2nc3ccccc3s2)ccc1OCCCOc1ccc2c(c1)CC[C@H]2CC(=O)O,-0.7160033436347992
COc1cc(-c2nc3c(s2)CCCO3)ccc1OCCCOc1ccc2c(c1)CC[C@H]2CC(=O)O,-0.1139433523068367
COc1cc(-c2nc3c(s2)CCCC3)ccc1OCCCOc1ccc2c(c1)CC[C@H]2CC(=O)O,-0.5185139398778874
CCCc1cc(-c2nc3c(s2)CCCC3)ccc1OCCCOc1ccc2c(c1)CC[C@H]2CC(=O)O,-0.3521825181113625
COc1cc(-c2nc3c(s2)CCC3)ccc1OCCCOc1ccc2c(c1)CC[C@H]2CC(=O)O,-0.6127838567197355
CCOc1nc(-c2ccc(OCCCOc3ccc4c(c3)CC[C@H]4CC(=O)O)c(OC)c2)sc1CC,-0.7323937598229685
CCOc1nc(-c2ccc(OCCCOc3ccc4c(c3)CC[C@H]4CC(=O)O)c(OC)c2)sc1C,-0.7781512503836436
CCCc1cc(-c2nc(OCC)c(C)s2)ccc1OCCCOc1ccc2c(c1)CC[C@H]2CC(=O)O,-0.505149978319906
COc1cc(-c2nc(OC(C)C)cs2)ccc1OCCCOc1ccc2c(c1)CC[C@H]2CC(=O)O,-0.4771212547196624
CCOc1csc(-c2ccc(OCCCOc3ccc4c(c3)CC[C@H]4CC(=O)O)c(OC)c2)n1,-0.5314789170422551
CCCc1cc(-c2nc(OCC)cs2)ccc1OCCCOc1ccc2c(c1)CC[C@H]2CC(=O)O,-0.3010299956639812
CCOc1csc(-c2ccc(OCCCOc3ccc4c(c3)CC[C@H]4CC(=O)O)cc2)n1,-0.0791812460476248
COc1csc(-c2ccc(OCCCOc3ccc4c(c3)CC[C@H]4CC(=O)O)c(OC)c2)n1,-0.4771212547196624
COc1csc(-c2ccc(OCCCOc3ccc4c(c3)CC[C@H]4CC(=O)O)cc2)n1,-0.1139433523068367
CCCc1cc(-c2nc(CO)c(C(=O)O)s2)ccc1OCCCOc1ccc2c(c1)CC[C@H]2CC(=O)O,-1.0791812460476249
CCCc1c(OCCCOc2ccc3c(c2)CC[C@H]3CC(=O)O)ccc2c(C(F)(F)F)noc12,-0.7781512503836436
O=C(O)C[C@@H]1CCc2cc(OCCCOc3ccc4c(c3)ONC4(O)C(F)(F)F)ccc21,-1.8260748027008264
O=C(O)C[C@@H]1CCc2cc(OCCCOc3ccc4cnoc4c3)ccc21,-2.9180303367848803
Cc1noc2cc(OCCCOc3ccc4c(c3)CC[C@H]4CC(=O)O)ccc12,-1.2041199826559248
Cc1noc2c(C)c(OCCCOc3ccc4c(c3)CC[C@H]4CC(=O)O)ccc12,-0.9084850188786496
Cc1c(OCCCOc2ccc3c(c2)CC[C@H]3CC(=O)O)ccc2[nH]ccc12,-2.456366033129043
Cn1ccc2cc(OCCCOc3ccc4c(c3)CC[C@H]4CC(=O)O)ccc21,-1.6020599913279625
O=C(O)C[C@@H]1CCc2cc(OCCCOc3ccc4[nH]ccc4c3)ccc21,-1.380211241711606
Cc1coc2cc(OCCCOc3ccc4c(c3)CC[C@H]4CC(=O)O)ccc12,-0.9030899869919436
O=C(O)C[C@@H]1CCc2cc(OCCCOc3ccc4ncoc4c3)ccc21,-2.113943352306837
CCCc1c(OCCCOc2ccc3c(c2)CC[C@H]3CC(=O)O)ccc2[nH]ccc12,-0.7923916894982539
O=C(O)C[C@@H]1CCc2cc(OCCCOc3ccc4cc[nH]c4c3)ccc21,-1.2787536009528289
Cc1cc2cc(OCCCOc3ccc4c(c3)CC[C@H]4CC(=O)O)ccc2[nH]1,-1.8260748027008264
C=CCc1c(OCCCOc2ccc3c(c2)CC[C@H]3CC(=O)O)ccc2[nH]ccc12,-1.255272505103306
CCCc1c(OCCCOc2ccc3c(c2)CC[C@H]3CC(=O)O)ccc2c1ccn2C,-1.462397997898956
Cc1cc(SCC=C(c2ccc(Br)cc2)c2ccc(Br)cc2)ccc1OCC(=O)O,-1.230448921378274
O=C(O)COc1ccc(SCC=C(c2ccc(Br)cc2)c2ccc(Br)cc2)cc1Cl,-1.7242758696007892
O=C(O)Cc1ccc(OCC=C(c2ccc(Br)cc2)c2ccc(Br)cc2)c(Cl)c1,-3.361727836017593
O=C(O)Cc1cccc(OCC=C(c2ccc(Br)cc2)c2ccc(Br)cc2)c1,-2.9190780923760737
O=C(O)Cc1ccc(OCC=C(c2ccc(Br)cc2)c2ccc(Br)cc2)cc1,-3.041392685158225
O=C(O)CCc1cccc(OCC=C(c2ccc(Br)cc2)c2ccc(Br)cc2)c1,-3.770852011642144
Cc1cccc2c(-c3cccc(NCc4ccc(CC(=O)O)cc4)c3)c(Cc3ccccc3)cnc12,-3.295567099962479
O=C(O)Cc1ccc(CNc2cccc(-c3c(Cc4ccccc4)cnc4c(Cl)cccc34)c2)cc1,-2.8000293592441343
CCCCOc1ccc(CC(CCC)C(=O)O)cc1CNC(=O)c1ccc(C(F)(F)F)cc1F,-0.7075701760979364
CCCCC(Cc1ccc(OC)c(CNC(=O)c2ccc(C(F)(F)F)cc2F)c1)C(=O)O,-2.342422680822206
CCCC(Cc1ccc(OC)c(CNC(=O)c2ccc(C(F)(F)F)cc2F)c1)C(=O)O,-1.6020599913279625
CCCCC(Cc1ccc(OC)c(CNC(=O)c2ccc(C(F)(F)F)cc2)c1)C(=O)O,-2.845098040014257
COc1ccc(CC(C)C(=O)O)cc1CNC(=O)c1ccc(C(F)(F)F)cc1,-2.322219294733919
COc1ccc(CCC(=O)O)cc1CNC(=O)c1ccc(C(F)(F)F)cc1,-3.4771212547196626
CCCOc1ccc(CC(CC)C(=O)O)cc1CNC(=O)c1ccc(C(F)(F)F)cc1F,-0.2304489213782739
CCCCCCOc1ccc(CC(CC)C(=O)O)cc1CNC(=O)c1ccc(C(F)(F)F)cc1,-1.6532125137753435
CCCCOc1ccc(CC(CC)C(=O)O)cc1CNC(=O)c1ccc(C(F)(F)F)cc1,-0.6812412373755872
CCCOc1ccc(CC(CC)C(=O)O)cc1CNC(=O)c1ccc(C(F)(F)F)cc1,-0.8325089127062363
CCOc1ccc(CC(CC)C(=O)O)cc1CNC(=O)c1ccc(C(F)(F)F)cc1,-1.1760912590556811
Cc1cc(SCC(O)COc2ccc(C(F)(F)F)cc2)ccc1OCC(=O)O,-1.8976270912904412
Cc1cc(SCC(COc2ccc(C(F)(F)F)cc2)OCc2ccccc2)ccc1OCC(=O)O,-1.7781512503836436
CCOC(COc1ccc(C(F)(F)F)cc1)COc1ccc(OCC(=O)O)c(C)c1,-1.385606273598312
CSCOC(CCc1ccc(C(F)(F)F)cc1)CSc1ccc(OCC(=O)O)c(C)c1,-1.1818435879447726
CCOC(CCc1ccc(C(F)(F)F)cc1)CSc1ccc(OCC(=O)O)c(C)c1,-0.8388490907372553
CCC(COc1ccc(C(F)(F)F)cc1)CSc1ccc(OCC(=O)O)c(C)c1,1.2218487496163564
CCOCC(COc1ccc(C(F)(F)F)cc1)CSc1ccc(OCC(=O)O)c(C)c1,-0.6627578316815741
CCCC(=O)c1ccc(OC(COc2ccc(C(F)(F)F)cc2)CSc2ccc(OCC(=O)O)c(C)c2)cc1,-1.3783979009481375
COc1ccc(OC(COc2ccc(C(F)(F)F)cc2)CSc2ccc(OCC(=O)O)c(C)c2)cc1,-1.7930916001765802
CCCCOC(COc1ccc(C(F)(F)F)cc1)CSc1ccc(OCC(=O)O)c(C)c1,-0.8450980400142568
CCCOC(COc1ccc(C(F)(F)F)cc1)CSc1ccc(OCC(=O)O)c(C)c1,-0.6334684555795865
COC(COc1ccc(C(F)(F)F)cc1)CSc1ccc(OCC(=O)O)c(C)c1,-1.2741578492636798
Cc1cc(SCc2nc(-c3ccc(C(F)(F)F)cc3)ns2)ccc1OCC(=O)O,-1.0
Cc1cc(OCc2nc(-c3ccc(C(F)(F)F)cc3)ns2)ccc1OC(C)(C)C(=O)O,-0.4771212547196624
Cc1cc(SCc2nsc(-c3ccc(OC(F)(F)F)cc3)n2)ccc1OC(C)(C)C(=O)O,-1.7634279935629371
Cc1cc(SCc2nsc(-c3ccc(C(F)(F)F)cc3)n2)ccc1OC(C)(C)C(=O)O,-1.414973347970818
Cc1cc(SCc2nc(-c3ccc(C(C)(C)C)cc3)ns2)ccc1OC(C)(C)C(=O)O,-1.968482948553935
Cc1cc(SCc2nc(-c3ccc(OC(F)(F)F)cc3)ns2)ccc1OC(C)(C)C(=O)O,-0.4771212547196624
Cc1cc(SCc2nc(-c3ccc(C(F)(F)F)cc3)ns2)ccc1OC(C)(C)C(=O)O,-0.7781512503836436
COc1cc(OCC(=O)O)c(C)cc1SCc1ccc(OCc2ccc(C(F)(F)F)cc2)cc1,-1.1139433523068367
O=C(O)COc1ccc(SCc2c(F)cccc2OCc2ccc(C(F)(F)F)cc2)c2c1CCC2,-3.416640507338281
O=C(O)COc1ccc(SCc2ccccc2OCc2ccc(C(F)(F)F)cc2)c2c1CCC2,-2.361727836017593
O=C(O)COc1ccc(SCc2cc(F)ccc2OCc2ccc(C(F)(F)F)cc2)c2c1CCC2,-1.845098040014257
O=C(O)COc1ccc(SCc2ccc(OCc3ccc(F)cc3C(F)(F)F)cc2)c2c1CCC2,-3.2355284469075487
O=C(O)COc1ccc(SCc2ccc(OCc3ccc(F)cc3)cc2)c2c1CCC2,-4.133538908370218
O=C(O)COc1ccc(SCc2ccc(OCc3cc(Cl)ccc3Cl)cc2)c2c1CCC2,-2.7671558660821804
O=C(O)COc1ccc(SCc2ccc(OCc3ccccc3)cc2)c2c1CCC2,-3.3443922736851106
CC(C)(C)c1ccc(COc2ccc(CSc3ccc(OCC(=O)O)c4c3CCC4)cc2)cc1,-2.4265112613645754
COc1ccc(COc2ccc(CSc3ccc(OCC(=O)O)c4c3CCC4)cc2)cc1,-3.294466226161593
O=C(O)COc1ccc(SCc2ccc(OCc3ccc(Cl)cc3)cc2)c2c1CCC2,-2.9698816437465
O=C(O)COc1ccc(SCc2ccc(OCc3ccc(C(F)(F)F)cc3)cc2)c2c1CCC2,-2.399673721481038
O=C(O)COc1ccc(SCc2ccc(OCc3ccc(C(F)(F)F)cc3)cc2)c2c1CCCO2,-2.469822015978163
Cc1cc(SCc2ccc(OCc3ccc(C(F)(F)F)cc3)cc2)c(Cl)cc1OCC(=O)O,-2.5728716022004803
O=C(O)COc1ccc(SCc2ccc(OCc3ccc(OC(F)(F)F)cc3)cc2)c2c1CCC2,-2.724275869600789
Cc1nc(-c2ccc(C(F)(F)F)cc2)sc1COc1ccc2c(CC(=O)O)csc2c1,-1.167317334748176
Cc1nc(C(F)(F)F)sc1CSc1ccc2c(ccn2CC(=O)O)c1,-0.6020599913279624
O=C(O)Cn1ccc2cc(OCc3ccc(Oc4ccc(C(F)(F)F)cc4)cc3)ccc21,-3.44870631990508
O=C(O)Cn1ccc2cc(OCc3cccc(COc4ccc(C(F)(F)F)cc4)c3)ccc21,-2.404833716619938
O=C(O)Cn1ccc2cc(OCc3ccccc3COc3ccc(C(F)(F)F)cc3)ccc21,-3.4885507165004443
O=C(O)Cn1ccc2cc(OCc3cc(-c4ccc(C(F)(F)F)cc4)on3)ccc21,-3.143014800254095
Cc1nc(C(F)(F)F)sc1COc1ccc2c(ccn2CC(=O)O)c1,-2.3483048630481607
O=C(O)Cc1coc2cc(OCc3ccc(COc4ccc(C(F)(F)F)cc4)cc3)ccc12,-3.53655844257153
O=C(O)Cc1coc2cc(OCc3cccc(COc4ccc(C(F)(F)F)cc4)c3)ccc12,-3.173186268412274
O=C(O)Cc1coc2cc(OCc3ccccc3COc3ccc(C(F)(F)F)cc3)ccc12,-3.494154594018443
O=C(O)Cc1csc2cc(OCc3ccc(COc4ccc(C(F)(F)F)cc4)cc3)ccc12,-3.0293837776852097
O=C(O)Cc1csc2cc(OCc3ccccc3COc3ccc(C(F)(F)F)cc3)ccc12,-3.3483048630481607
O=C(O)Cc1csc2cc(OCc3cc(-c4ccc(C(F)(F)F)cc4)on3)cc(Cl)c12,-3.3729120029701067
Cc1cc(OCc2cc(-c3ccc(C(F)(F)F)cc3)on2)cc2scc(CC(=O)O)c12,-2.748962861256161
O=C(O)Cc1csc2cc(OCc3cc(-c4ccc(Cl)cc4)on3)cc(Cl)c12,-3.803457115648414
Cc1cc2c(CC(=O)O)csc2cc1OCc1cc(-c2ccc(Cl)cc2)on1,-2.8169038393756605
Cc1cc(OCc2cc(-c3ccc(Cl)cc3)on2)cc2scc(CC(=O)O)c12,-2.8048206787211623
O=C(O)Cc1coc2cc(OCc3cc(-c4ccc(C(F)(F)F)cc4)on3)ccc12,-3.206825876031849
Cc1nc(-c2ccc(C(F)(F)F)cc2)sc1COc1ccc2c(CC(=O)O)coc2c1,-2.385606273598312
O=C(O)Cc1csc2cc(OCc3cc(-c4ccc(C(F)(F)F)cc4)on3)ccc12,-2.484299839346786
O=C(O)Cc1csc2cc(OCc3cc(-c4ccc(Cl)cc4)on3)ccc12,-2.3541084391474008
Cc1cc(SC/C=C\C(C#Cc2ccccc2)c2ccc(Br)cc2)ccc1OCC(=O)O,-2.204119982655925
Cc1cc(SC/C=C/C#Cc2ccccc2)ccc1OCC(=O)O,-4.08278537031645
Cc1cc(OC/C=C\C(C#Cc2ccccc2)c2cnc3ccccc3c2)ccc1OCC(=O)O,-2.462397997898956
Cc1cc2cc(C(C#Cc3ccc(F)cc3)/C=C\COc3ccc(OCC(=O)O)c(C)c3)ccc2o1,-2.462397997898956
Cc1cc2cc(C(C#Cc3ccc(C)s3)/C=C\COc3ccc(OCC(=O)O)c(C)c3)ccc2o1,-2.1760912590556813
Cc1ccc(-c2ccc(C(C#Cc3ccccc3)/C=C\COc3ccc(OCC(=O)O)c(C)c3)cc2)s1,-3.591064607026499
CC1=Cc2cc(C#CC(/C=C\COc3ccc(OCC(=O)O)c(C)c3)c3ccc(Br)cc3)ccc2S1(=O)=O,-3.0791812460476247
Cc1cc(OC/C=C\C(C#CCN2CCOCC2)c2ccc(Br)cc2)ccc1OCC(=O)O,-3.4771212547196626
Cc1ccc(C#CC(/C=C\COc2ccc(OCC(=O)O)c(C)c2)c2ccc(Br)cc2)s1,-2.342422680822206
Cc1cc(OC/C=C\C(C#Cc2ccc(Cl)cc2)c2ccc(Br)cc2)ccc1OCC(=O)O,-2.505149978319906
Cc1cc(OC/C=C\C(C#Cc2ccccn2)c2ccc(Br)cc2)ccc1OCC(=O)O,-2.380211241711606
Cc1cc(OC/C=C\C(C#Cc2ccccc2)c2ccc(Br)cc2)ccc1OCC(=O)O,-2.886490725172482
Cc1cc(Oc2cccc(CNC(=O)c3ccc(C(F)(F)F)cc3)c2)ccc1OC(C)(C)C(=O)O,-1.977723605288848
CCc1cc(Oc2cc(F)cc([C@@H](C)NC(=O)c3sc4ccc(Cl)cc4c3C)c2)ccc1CCC(=O)O,-0.8450980400142568
Cc1cc(Oc2cccc(CNC(=O)c3c(C)c4cc(Cl)ccc4n3C)c2)ccc1CCC(=O)O,-0.6020599913279624
Cc1cc(Oc2cccc(CNC(=O)c3[nH]c4ccc(Cl)cc4c3C)c2)ccc1CCC(=O)O,-0.7781512503836436
Cc1cc(Oc2cccc(CNC(=O)c3cc4cc(Cl)ccc4n3C)c2)ccc1CCC(=O)O,-1.9395192526186185
Cc1cc(Oc2cccc(CNC(=O)c3cc4cc(Cl)c(Cl)cc4[nH]3)c2)ccc1CCC(=O)O,-1.7708520116421442
Cc1cc(Oc2cccc(CNC(=O)c3cc4cccc(Br)c4[nH]3)c2)ccc1CCC(=O)O,-2.7218106152125467
Cc1cc(Oc2cccc(CNC(=O)c3cc4cc(Br)ccc4[nH]3)c2)ccc1CCC(=O)O,-1.968482948553935
Cc1cc(Oc2cccc(CNC(=O)c3cc4ccc(Cl)cc4[nH]3)c2)ccc1CCC(=O)O,-1.9030899869919435
Cc1cc(Oc2cccc(CNC(=O)c3cc4c(Cl)cccc4[nH]3)c2)ccc1CCC(=O)O,-3.113943352306837
Cc1cc(Oc2cccc(CNC(=O)c3ccc(C(F)(F)F)cc3C)c2)ccc1CCC(=O)O,-1.5185139398778875
Cc1cc(Oc2ccc(F)c(CNC(=O)c3ccc(C(F)(F)F)cc3F)c2)ccc1OC(C)(C)C(=O)O,-2.075546961392531
Cc1cc(Oc2cc(F)cc(CNC(=O)c3ccc(C(F)(F)F)cc3F)c2)ccc1OC(C)(C)C(=O)O,-1.6812412373755872
Cc1ccc(CNC(=O)c2ccc(C(F)(F)F)cc2F)cc1Oc1ccc(OC(C)(C)C(=O)O)c(C)c1,-1.9822712330395684
Cc1cc(Oc2cccc(CNC(=O)c3ccccc3C)c2)ccc1OC(C)(C)C(=O)O,-3.273695587930092
Cc1cc(Oc2cccc(CNC(=O)c3ccc(OC(F)(F)F)cc3C)c2)ccc1OC(C)(C)C(=O)O,-1.6989700043360187
COc1cc(C(F)(F)F)ccc1C(=O)NCc1cccc(Oc2ccc(OC(C)(C)C(=O)O)c(C)c2)c1,-1.4771212547196624
Cc1cc(Oc2cccc(CNC(=O)c3ccc(C(F)(F)F)cc3Oc3ccccc3)c2)ccc1OC(C)(C)C(=O)O,-2.611723308007342
Cc1cc(Oc2cccc(CNC(=O)c3ccc(C(F)(F)F)cc3C(F)(F)F)c2)ccc1OC(C)(C)C(=O)O,-3.4578818967339924
Cc1cc(Oc2cccc(CNC(=O)c3ccc(C(F)(F)F)cc3Br)c2)ccc1OC(C)(C)C(=O)O,-1.5563025007672873
Cc1cc(Oc2cccc(CNC(=O)c3ccc(C(F)(F)F)cc3F)c2)ccc1OC(C)(C)C(=O)O,-1.3424226808222062
Cc1cc(Oc2cccc(CNC(=O)c3ccc(C(F)(F)F)cc3Cl)c2)ccc1OC(C)(C)C(=O)O,-1.7708520116421442
CCc1cc(C(F)(F)F)ccc1C(=O)NCc1cccc(Oc2ccc(OC(C)(C)C(=O)O)c(C)c2)c1,-1.9084850188786495
Cc1cc(Oc2cccc(CNC(=O)c3ccc(C(F)(F)F)cc3C)c2)ccc1OC(C)(C)C(=O)O,-1.57978359661681
CCc1cc(OCC[C@@H](C)Oc2ccc(C(F)(F)F)cc2-c2ccccn2)ccc1CCC(=O)O,-0.7781512503836436
CCc1ccc(O[C@H](C)CCOc2ccc(CCC(=O)O)c(CC)c2)c(-c2ccccn2)c1,-0.8450980400142568
Cc1cc(OCC[C@@H](C)Oc2ccc(C(F)(F)F)cc2-c2ccccn2)ccc1CCC(=O)O,-0.7781512503836436
Cc1cc(OCC[C@@H](C)Oc2ccc(Cl)cc2-c2ccccn2)ccc1CCC(=O)O,-1.380211241711606
CCc1ccc(O[C@H](C)CCOc2ccc(CCC(=O)O)c(C)c2)c(-c2ncco2)c1,-1.6989700043360187
CCc1ccc(O[C@H](C)CCOc2ccc(CCC(=O)O)c(C)c2)c(-c2cscn2)c1,-1.3424226808222062
CCc1ccc(O[C@H](C)CCOc2ccc(CCC(=O)O)c(C)c2)c(-c2ccncc2)c1,-0.6989700043360189
CCc1ccc(O[C@H](C)CCOc2ccc(CCC(=O)O)c(C)c2)c(-c2cccnc2)c1,-1.1760912590556811
CCc1ccc(O[C@H](C)CCOc2ccc(CCC(=O)O)c(C)c2)c(-c2ccccn2)c1,-0.9542425094393248
CCc1ccc(O[C@H](C)CCOc2ccc(CCC(=O)O)c(C)c2)c(-c2ccco2)c1,-2.6009728956867484
CCc1ccc(O[C@H](C)CCOc2ccc(CCC(=O)O)c(C)c2)c(-c2cccs2)c1,-1.6127838567197357
CCc1ccc(O[C@H](C)CCOc2ccc(CCC(=O)O)c(C)c2)c(-c2ccsc2)c1,-1.6232492903979006
CCc1ccc(O[C@H](C)CCOc2ccc(CCC(=O)O)c(C)c2)c(-c2ccccc2)c1,-0.7781512503836436
CC(=O)c1sc(-c2ccc(OCCCOc3ccc4c(c3)CC[C@H]4CC(=O)O)nc2)nc1C,-0.9542425094393248
Cc1nc(-c2ccc(OCCCOc3ccc4c(c3)CC[C@H]4CC(=O)O)nc2)sc1C,-0.6989700043360189
CCc1csc(-c2ccc(OCCCOc3ccc4c(c3)CC[C@H]4CC(=O)O)nc2)n1,-0.4771212547196624
CCc1ccc(-c2nc(C)cc(N(C)CCCOc3ccc4c(c3)CC[C@H]4CC(=O)O)n2)cc1,-1.041392685158225
CCc1ccc(-c2ncc(CC)c(N(C)CCCOc3ccc4c(c3)CC[C@H]4CC(=O)O)n2)cc1,-0.3010299956639812
CCc1ccc(-c2ncc(F)c(N(C)CCCOc3ccc4c(c3)CC[C@H]4CC(=O)O)n2)cc1,-1.2041199826559248
CCc1ccc(-c2nccc(N(C)CCCOc3ccc4c(c3)CC[C@H]4CC(=O)O)n2)cc1,-1.3979400086720375
Cc1cnc(-c2cccc(Cl)c2)nc1N(C)CCCOc1ccc2c(c1)CC[C@H]2CC(=O)O,-1.3617278360175928
CCOc1cccc(-c2ncc(C)c(N(C)CCCOc3ccc4c(c3)CC[C@H]4CC(=O)O)n2)c1,-0.8450980400142568
Cc1cnc(-c2ccc(Cl)cc2)nc1N(C)CCCOc1ccc2c(c1)CC[C@H]2CC(=O)O,-0.8450980400142568
Cc1cnc(-c2ccc(F)cc2)nc1N(C)CCCOc1ccc2c(c1)CC[C@H]2CC(=O)O,-0.8450980400142568
CC(=O)c1ccc(-c2ncc(C)c(N(C)CCCOc3ccc4c(c3)CC[C@H]4CC(=O)O)n2)cc1,-1.919078092376074
CCOc1ccc(-c2ncc(C)c(N(C)CCCOc3ccc4c(c3)CC[C@H]4CC(=O)O)n2)cc1,-1.7634279935629371
Cc1cnc(-c2ccc(C(C)(C)C)cc2)nc1N(C)CCCOc1ccc2c(c1)CC[C@H]2CC(=O)O,-1.4471580313422192
Cc1cnc(-c2ccc(C(C)C)cc2)nc1N(C)CCCOc1ccc2c(c1)CC[C@H]2CC(=O)O,-1.5314789170422551
CCc1ccc(-c2ncc(C)c(N(C)CCCOc3ccc4c(c3)CC[C@H]4CC(=O)O)n2)cc1,-1.0
CCO[C@@H](Cc1ccc(OC/C=C/c2cc(OC(=O)c3ccccc3)cc(OC(=O)c3ccccc3)c2)cc1)C(=O)O,-3.4771212547196626
CCO[C@@H](Cc1ccc(OC/C=C/c2cc(OC(C)C)cc(OC(C)C)c2)cc1)C(=O)O,-3.778151250383644
CCO[C@@H](Cc1ccc(OC/C=C/c2cc(OCC(F)(F)F)cc(OCC(F)(F)F)c2)cc1)C(=O)O,-3.6020599913279625
CCOc1cc(/C=C/COc2ccc(C[C@H](OCC)C(=O)O)cc2)cc(OCC)c1,-3.8976270912904414
CCO[C@@H](Cc1ccc(OC/C=C/c2cc(C(F)(F)F)cc(C(F)(F)F)c2)cc1)C(=O)O,-3.146128035678238
CCO[C@@H](Cc1ccc(OC/C=C/c2cc(Br)cc(Br)c2)cc1)C(=O)O,-4.301029995663981
CCO[C@@H](Cc1ccc(OC/C=C/c2cc(OC3CCCC3)cc(OC3CCCC3)c2)cc1)C(=O)O,-4.176091259055681
O=C(O)CCc1ccc(OCCN(Cc2ccccc2)c2nc3ccccc3s2)cc1,-3.44870631990508
Cc1cc(CCC(=O)O)ccc1OCCCN(Cc1cccs1)c1nc2ccc(Cl)cc2s1,-2.591064607026499
CCc1cc(OCCN(Cc2ccccc2)c2nc3ccccc3s2)ccc1CCC(=O)O,-3.4727564493172123
Cc1cc(OCCN(Cc2ccccc2)c2nc3ccccc3s2)ccc1CCC(=O)O,-3.0681858617461617
O=C(O)CCc1ccc(OCCCN(Cc2ccccc2)c2nc3ccccc3s2)cc1,-3.406540180433955
Cc1ccc2nc(N(CCOc3ccc(CCC(=O)O)cc3)Cc3ccccc3)sc2c1,-3.416640507338281
O=C(O)CCc1ccc(OCCN(Cc2ccccc2)c2nc3ccc(Cl)cc3s2)cc1,-3.133538908370217
O=C(O)CCc1ccc(OCCN(Cc2cccs2)c2nc3ccccc3s2)cc1,-3.2405492482825995
O=C(O)CCc1ccc(OCCN(Cc2ccc(C(F)(F)F)cc2)c2nc3ccccc3s2)cc1,-2.9731278535996988
CC(C)(C)c1ccc(CN(CCOc2ccc(CCC(=O)O)cc2)c2nc3ccccc3s2)cc1,-3.6884198220027113
CC(C)(Oc1cccc(CCCN(CCOc2ccccc2)c2nc3ccccc3o2)c1)C(=O)O,-2.903089986991944
CCC(Oc1cccc(CN(CCCOc2ccc(O)cc2)c2nc3ccccc3o2)c1)C(=O)O,-0.4771212547196624
CCC(Oc1cccc(CN(CCCOc2ccc(F)c(F)c2)c2nc3ccccc3o2)c1)C(=O)O,-3.113943352306837
CCC(Oc1cccc(CN(CCCOc2ccc(F)cc2F)c2nc3ccccc3o2)c1)C(=O)O,-3.812913356642856
CCC(Oc1cccc(CN(CCCOc2ccc(C)c(C)c2)c2nc3ccccc3o2)c1)C(=O)O,-2.9190780923760737
CCC(Oc1cccc(CN(CCCOc2ccc(C)cc2C)c2nc3ccccc3o2)c1)C(=O)O,-2.041392685158225
CCC(Oc1cccc(CN(CCCOc2ccc(C)cc2)c2nc3ccccc3o2)c1)C(=O)O,-2.0791812460476247
CCC(Oc1cccc(CN(CCCOc2ccc3c(c2)OCO3)c2nc3ccccc3o2)c1)C(=O)O,-3.230448921378274
CCC(Oc1cccc(CN(CCCOc2ccccc2)c2nc3cc(O)ccc3o2)c1)C(=O)O,-2.146128035678238
CCC(Oc1cccc(CN(CCCOc2ccccc2)c2nc3c(O)cccc3o2)c1)C(=O)O,-3.278753600952829
CCC(Oc1cccc(CN(CCCOc2ccccc2)c2nc3cc(C)ccc3o2)c1)C(=O)O,-3.6989700043360183
CCC(Oc1cccc(CN(CCCOc2ccccc2)c2nc3cc(C(F)(F)F)ccc3o2)c1)C(=O)O,-2.204119982655925
CCC(Oc1cccc(CN(CCCOc2ccccc2)c2nc3cccc(F)c3o2)c1)C(=O)O,-3.903089986991944
CCC(Oc1cccc(CN(CCCOc2ccccc2)c2nc3ccc(F)cc3o2)c1)C(=O)O,-3.278753600952829
CCC(Oc1cccc(CN(CCCOc2ccccc2)c2nc3cc(F)ccc3o2)c1)C(=O)O,-3.041392685158225
CCC(Oc1cccc(CCN(CCCOc2ccccc2)c2nc3ccccc3o2)c1)C(=O)O,-3.146128035678238
CC(Oc1cccc(CCN(CCCOc2ccccc2)c2nc3ccccc3o2)c1)C(=O)O,-3.361727836017593
CC(Oc1cccc(CN(CCCOc2ccccc2)c2nc3ccccc3o2)c1)C(=O)O,-3.431363764158988
Cc1cc(Sc2cc(C#CCN3CCOCC3)nc(C#Cc3ccc(C(F)(F)F)cc3)c2)ccc1OCC(=O)O,-1.6989700043360187
CCN(C(=O)Nc1ccc(OC(F)(F)F)cc1)[C@@H]1Cc2ccc(SC(C)(C)C(=O)O)cc2C1,-3.322219294733919
Cc1nc(-c2ccc(C(F)(F)F)cc2)sc1C(=O)NCc1ccc(NS(=O)(=O)C(F)(F)F)cc1,-2.6020599913279625
CCC(Cc1ccc(OC)c(CNC(=O)c2ccccc2)c1)C(=O)O,-3.9084850188786495
CCCCCCOc1ccc(CC(CC)C(=O)O)cc1CNC(=O)c1ccc(C23CC4CC(CC(C4)C2)C3)cc1,-2.908485018878649
CCOc1ccc(CC(CC)C(=O)O)cc1CNC(=O)c1ccc(C23CC4CC(CC(C4)C2)C3)cc1,-2.397940008672037
CCCC(Cc1ccc(OC)c(CNC(=O)c2ccc(C34CC5CC(CC(C5)C3)C4)cc2)c1)C(=O)O,-3.146128035678238
CCC(Cc1ccc(OC)c(CNC(=O)c2ccc(C3CCCCC3)cc2)c1)C(=O)O,-2.4771212547196626
CCC(Cc1ccc(OC)c(CNC(=O)c2ccc(-c3ccccc3)cc2)c1)C(=O)O,-2.322219294733919
Cc1oc(-c2ccccc2)nc1CCCCCCOC(C)(C)C(=O)O,-4.477121254719663
Cc1cc(SCc2cc(-c3ccc(C(F)(F)F)cc3)sn2)ccc1OCC(=O)O,-0.3010299956639812
Cc1ccc(-c2nsc(COc3ccc(OC(C)(C)C(=O)O)c(C)c3)n2)cc1C,-2.727541257028556
Cc1cc(OCc2nc(-c3ccc(Cl)c(Cl)c3)ns2)ccc1OC(C)(C)C(=O)O,-2.0569048513364727
Cc1cc(OCc2nc(-c3ccc(OC(F)(F)F)c(Cl)c3)ns2)ccc1OC(C)(C)C(=O)O,-1.1139433523068367
Cc1cc(OCc2nc(-c3ccc(C(F)(F)F)c(F)c3)ns2)ccc1OC(C)(C)C(=O)O,-0.4771212547196624
Cc1cc(SCCc2nc(-c3ccc(C(F)(F)F)cc3)ns2)ccc1OC(C)(C)C(=O)O,-0.3010299956639812
Cc1cc(SCc2nsc(-c3ccc(Cl)c(Cl)c3)n2)ccc1OC(C)(C)C(=O)O,-2.359835482339888
Cc1cc(SCc2nsc(-c3ccc(Cl)cc3)n2)ccc1OC(C)(C)C(=O)O,-2.374748346010104
Cc1ccc(-c2nsc(CSc3ccc(OC(C)(C)C(=O)O)c(C)c3)n2)cc1Cl,-1.3979400086720375
Cc1ccc(-c2nsc(CSc3ccc(OC(C)(C)C(=O)O)c(C)c3)n2)cc1C,-1.968482948553935
Cc1cc(SCc2nc(-c3ccc(Cl)cc3Cl)ns2)ccc1OC(C)(C)C(=O)O,-2.008600171761917
Cc1cc(SCc2nc(-c3ccc(Cl)c(Cl)c3)ns2)ccc1OC(C)(C)C(=O)O,-0.9030899869919436
Cc1cc(SCc2nc(-c3ccc(OC(F)(F)F)c(Cl)c3)ns2)ccc1OC(C)(C)C(=O)O,-0.4771212547196624
Cc1cc(SCc2nc(-c3ccc(C(F)(F)F)c(F)c3)ns2)ccc1OC(C)(C)C(=O)O,-0.6989700043360189
Cc1cc(SCc2cc(-c3ccc(C(F)(F)F)cc3)on2)ccc1OCC(=O)O,-0.3010299956639812
Cc1cc(SCc2cc(-c3ccc(C(F)(F)F)cc3)no2)ccc1OCC(=O)O,-1.3010299956639813
Cc1cc(SCc2csnc2-c2ccc(C(F)(F)F)cc2)ccc1OCC(=O)O,-2.1760912590556813
Cc1cc(SCc2cc(-c3ccc(C(F)(F)F)cc3)ns2)ccc1OCC(=O)O,-0.6989700043360189
CCOc1cc(F)c(CC(CC)C(=O)O)cc1CNC(=O)c1ccc(C23CC4CC(CC(C4)C2)C3)cc1F,-1.740362689494244
CCOc1cc(F)c(CC(CC)C(=O)O)cc1CNC(=O)c1ccc(C23CC4CC(CC(C4)C2)C3)cc1,-1.9731278535996983
CCC(Cc1cc(F)c(OC)c(CNC(=O)c2ccc(C34CC5CC(CC(C5)C3)C4)cc2)c1)C(=O)O,-3.342422680822206
CCC(Cc1ccc(OC)c(CNC(=O)c2ccc(C34CC5CC(CC(C5)C3)C4)cc2F)c1)C(=O)O,-2.740362689494244
CCC(Cc1cc(CNC(=O)c2ccc(C(F)(F)F)cc2)c(OC)cc1F)C(=O)O,-1.3010299956639813
CCC(Cc1cc(F)c(OC)c(CNC(=O)c2ccc(C(F)(F)F)cc2)c1)C(=O)O,-1.7708520116421442
O=C(Nc1ccccc1C(=O)O)c1cccc(S(=O)(=O)N2CCc3ccccc3C2)c1,-3.100001582801352
Cc1ccc(NC(=O)c2cccc(S(=O)(=O)N3CCc4ccccc4C3)c2)c(C(=O)O)c1,-2.300008202553813
O=C(Nc1ccc(Cl)cc1C(=O)O)c1cccc(S(=O)(=O)N2CCc3ccccc3C2)c1,-2.099991233544684
O=C(Nc1ccc(Br)cc1C(=O)O)c1cccc(S(=O)(=O)N2CCc3ccccc3C2)c1,-2.300008202553813
O=C(Nc1ccc(F)cc1C(=O)O)c1cccc(S(=O)(=O)N2CCc3ccccc3C2)c1,-2.7000023971422538
O=C(Nc1ccc(C(F)(F)F)cc1C(=O)O)c1cccc(S(=O)(=O)N2CCc3ccccc3C2)c1,-2.200001865406602
O=C(Nc1cc(Br)ccc1C(=O)O)c1cccc(S(=O)(=O)N2CCc3ccccc3C2)c1,-2.200001865406602
COc1cccc2c1CCN(S(=O)(=O)c1cccc(C(=O)Nc3ccc(Cl)cc3C(=O)O)c1)C2,-3.100001582801352
O=C(Nc1ccc(Cl)cc1C(=O)O)c1cccc(S(=O)(=O)N2CCc3c(O)cccc3C2)c1,-3.299999496116984
O=C(Nc1ccc(Cl)cc1C(=O)O)c1cccc(S(=O)(=O)N2CCc3c(cccc3C(=O)O)C2)c1,-3.100001582801352
O=C(Nc1ccc(Cl)cc1C(=O)O)c1cccc(S(=O)(=O)N2CCc3ccc(F)cc3C2)c1,-3.0
O=C(Nc1ccc(Cl)cc1C(=O)O)c1cccc(S(=O)(=O)N2CCc3ccc(Cl)cc3C2)c1,-2.900000965153469
Cc1ccc(NC(=O)c2cccc(S(=O)(=O)n3ccc4c(C)cccc43)c2)c(C(=O)O)c1,-1.299942900022767
Cc1ccc(NC(=O)c2cccc(S(=O)(=O)n3ccc4c(Br)cccc43)c2)c(C(=O)O)c1,-1.1000257301078626
COc1cccc2c1ccn2S(=O)(=O)c1cccc(C(=O)Nc2ccc(C)cc2C(=O)O)c1,-1.599992177584098
Cc1ccc(NC(=O)c2cccc(S(=O)(=O)n3ccc4cc(C)ccc43)c2)c(C(=O)O)c1,-1.4999618655961902
Cc1ccc(NC(=O)c2cccc(S(=O)(=O)n3ccc4cc(Cl)ccc43)c2)c(C(=O)O)c1,-1.7000110623221123
COc1ccc2c(ccn2S(=O)(=O)c2cccc(C(=O)Nc3ccc(C)cc3C(=O)O)c2)c1,-2.7000023971422538
COc1ccc2ccn(S(=O)(=O)c3cccc(C(=O)Nc4ccc(C)cc4C(=O)O)c3)c2c1,-2.0
Cc1ccc(NC(=O)c2cccc(S(=O)(=O)n3ccc4cccc(C)c43)c2)c(C(=O)O)c1,-1.899984562549391
Cc1ccc(NC(=O)c2cccc(S(=O)(=O)n3ccc4cccc(Cl)c43)c2)c(C(=O)O)c1,-2.200001865406602
COc1ccc2c(ccn2S(=O)(=O)c2cccc(C(=O)Nc3ccc(C)cc3C(=O)O)c2)c1C,-1.1000257301078626
COc1cccc2c1ccn2S(=O)(=O)c1cccc(C(=O)Nc2ccc(Cl)cc2C(=O)O)c1,-2.200001865406602
COc1ccc2c(ccn2S(=O)(=O)c2cccc(C(=O)Nc3ccc(Cl)cc3C(=O)O)c2)c1C,-1.2000292665537704
CCCc1cc(C(=O)c2ccccc2)ccc1OCCCn1ccc2cc(OC(C)(C)C(=O)O)ccc21,-3.7218106152125463
CCCc1cc(C(=O)c2ccc(OC)cc2)ccc1OCCCn1ccc2cc(OC(C)(C)C(=O)O)ccc21,-3.648360010980932
CCCCCCC[C@H]1C(=O)C=C(I)[C@@H]1OCCCCCC(=O)O,-2.6989700043360187
CCCCCCC#CC1=CC(=O)[C@H](CCCCCCC)[C@H]1OCCCCCC(=O)O,-3.3010299956639813
CCCCCCC[C@H]1C(=O)C=C[C@H]1OCCCCCC(=O)O,-3.3010299956639813
CCO[C@@H](Cc1ccc(OCCc2nc(-c3ccccc3)oc2C)c2ccsc12)C(=O)O,-2.0681858617461617
COc1cc(OC)cc(-c2nc(CCOc3ccc(C[C@H](OC)C(=O)O)c4sccc34)c(C)o2)c1,-2.831229693867064
CCO[C@@H](Cc1ccc(OCCc2nc(-c3ccccc3)oc2C)c2ccccc12)C(=O)O,-2.227886704613673
Cc1nc(-c2ccc(C(C)(C)C)cc2)sc1C(=O)NCc1ccc(OC(C)(C)C(=O)O)cc1,-4.0
Cc1cc(CNC(=O)c2cc(-c3ccc(C(C)(C)C)cc3)nn2C)ccc1OC(C)(C)C(=O)O,-3.3354579006893843
Cc1cc(CNC(=O)c2cc(-c3ccc(C(C)C)cc3)nn2C)ccc1OC(C)(C)C(=O)O,-3.133538908370217
Cc1cc(CNC(=O)c2cc(-c3ccc(C(C)C)cc3)n(C)n2)ccc1OC(C)(C)C(=O)O,-3.685741738602264
Cc1cc(CNC(=O)c2cc(-c3ccc(CC(C)C)cc3)nn2C)ccc1OC(C)(C)C(=O)O,-3.4578818967339924
Cc1cc(CNC(=O)c2cc(-c3ccc(CC(C)C)cc3)n(C)n2)ccc1OC(C)(C)C(=O)O,-3.3138672203691533
CCn1nc(-c2ccc(C(C)(C)C)cc2)cc1C(=O)NCc1ccc(OC(C)(C)C(=O)O)c(C)c1,-3.431363764158988
C=CCn1nc(-c2ccc(C(C)(C)C)cc2)cc1C(=O)NCc1ccc(OC(C)(C)C(=O)O)c(C)c1,-3.060697840353612
COCCn1nc(-c2ccc(C(C)(C)C)cc2)cc1C(=O)NCc1ccc(OC(C)(C)C(=O)O)c(C)c1,-3.311753861055754
Cc1cc(CNC(=O)c2cc(-c3ccc(C(C)(C)C)cc3)n(Cc3ccccc3)n2)ccc1OC(C)(C)C(=O)O,-4.3979400086720375
Cc1cc(CNC(=O)c2cc(-c3ccc(-c4ccoc4)cc3)n(C)n2)ccc1OC(C)(C)C(=O)O,-3.2121876044039577
Cc1cc(CNC(=O)c2cc(-c3ccc(N4CCCC4)cc3)n(C)n2)ccc1OC(C)(C)C(=O)O,-3.0253058652647704
C=C(COc1ccccc1)CSc1ccc(OCC(=O)O)c(C)c1,-2.851869600729766
C=C(COc1ccc(C(F)(F)F)cc1)CSc1ccc(OCC(=O)O)c(C)c1,-1.2329961103921538
C=C(COc1ccc(OC)cc1)CSc1ccc(OCC(=O)O)c(C)c1,-2.3344537511509307
C=C(COc1ccc(N(C)C)cc1)CSc1ccc(OCC(=O)O)c(C)c1,-2.376576957056512
C=C(COc1ccc(Cl)cc1Cl)CSc1ccc(OCC(=O)O)c(C)c1,-2.1398790864012365
C=C(COc1ccc(OC(F)(F)F)cc1)CSc1ccc(OCC(=O)O)c(C)c1,-1.4533183400470375
C=C(CSc1ccc(C(F)(F)F)cc1)CSc1ccc(OCC(=O)O)c(C)c1,-1.734799829588847
C=C(CCc1ccc(C(F)(F)F)cc1)CSc1ccc(OCC(=O)O)c(C)c1,-1.428134794028789
C=C(COc1ccc(C(F)(F)F)cc1)CSc1ccc(OCC(=O)O)c(Cl)c1,-1.6693168805661125
C=C(COc1ccc(C(F)(F)F)cc1)COc1ccc(OCC(=O)O)c(C)c1,-2.3961993470957363
CCCC(CCC)(COc1ccc(C(F)(F)F)cc1)CSc1ccc(OCC(=O)O)c(C)c1,-0.9344984512435676
Cc1cc(SCC2(COc3ccc(C(F)(F)F)cc3)CC2)ccc1OCC(=O)O,-1.3673559210260189
CC(C)=C(COc1ccc(C(F)(F)F)cc1)CSc1ccc(OCC(=O)O)c(C)c1,-1.3483048630481609
Cc1cc(SCC2(COc3ccc(C(F)(F)F)cc3)OCCCO2)ccc1OCC(=O)O,-1.658964842664435
Cc1cc(SCC(F)(F)COc2ccc(C(F)(F)F)cc2)ccc1OCC(=O)O,-2.167317334748176
Cc1cc(SC/C(=C/C#N)COc2ccc(C(F)(F)F)cc2)ccc1OCC(=O)O,-1.549003262025788
Cc1cc(SCC(COc2ccc(C(F)(F)F)cc2)=C(F)F)ccc1OCC(=O)O,-1.842609239610562
CCC#CCOc1cc(COCC2CC2)ccc1Sc1ccc(OCC(=O)O)c2c1CCCC2,-3.1760912590556813
CCC#CCOc1cc(CNc2ccc(C(F)(F)F)cc2)ccc1Sc1ccc(OCC(=O)O)c2c1CCCC2,-3.4913616938342726
CCC#CCOc1cc(COc2ccc(Cl)cc2C)ccc1Sc1ccc(OCC(=O)O)c2c1CCCC2,-2.568201724066995
COCCCOc1cc(COc2ccc(C(F)(F)F)cc2)ccc1Sc1ccc(OCC(=O)O)c(C)c1C,-3.278753600952829
C#CCOc1cc(COc2ccc(C(F)(F)F)cc2)ccc1Sc1ccc(OCC(=O)O)c(C)c1C,-1.7323937598229686
COCCOc1cc(COc2ccc(C(F)(F)F)cc2)ccc1Sc1ccc(OCC(=O)O)c(C)c1C,-3.230448921378274
Cc1c(OCC(=O)O)ccc(Sc2ccc(COc3ccc(C(F)(F)F)cc3)cc2OCC#N)c1C,-3.041392685158225
Cc1cc(COc2cc(COc3ccc(C(F)(F)F)cc3)ccc2Sc2ccc(OCC(=O)O)c(C)c2C)no1,-3.342422680822206
Cc1c(OCC(=O)O)ccc(Sc2ccc(COc3ccc(C(F)(F)F)cc3)cc2OCc2cccnc2)c1C,-3.462397997898956
Cc1c(OCC(=O)O)ccc(Sc2ccc(COc3ccc(C(F)(F)F)cc3)cc2OCc2ccncc2)c1C,-3.612783856719736
Cc1c(OCC(=O)O)ccc(Sc2ccc(COc3ccc(C(F)(F)F)cc3)cc2OCC2CCCO2)c1C,-3.851258348719076
C#CCOc1cc(COc2ccc(C(F)(F)F)cc2)ccc1Sc1ccc(OCC(=O)O)c2c1CCCC2,-1.7160033436347992
CC#CCOc1cc(COc2ccc(C(F)(F)F)cc2)ccc1Sc1ccc(OCC(=O)O)c2c1CCCC2,-1.6334684555795866
CCC#CCOc1cc(COc2ccc(C(F)(F)F)cc2)ccc1Sc1ccc(OCC(=O)O)c2c1CCCC2,-1.6434526764861874
O=C(O)COc1ccc(Sc2ccc(COc3ccc(C(F)(F)F)cc3)cc2OCC#CCO)c2c1CCCC2,-2.342422680822206
O=C(O)COc1ccc(Sc2ccc(COc3ccc(C(F)(F)F)cc3)cc2OCC#CCCO)c2c1CCCC2,-3.3010299956639813
C[C@H](O)C#CCOc1cc(COc2ccc(C(F)(F)F)cc2)ccc1Sc1ccc(OCC(=O)O)c2c1CCCC2,-3.0791812460476247
COCC#CCOc1cc(COc2ccc(C(F)(F)F)cc2)ccc1Sc1ccc(OCC(=O)O)c2c1CCCC2,-2.531478917042255
COCCC#CCOc1cc(COc2ccc(C(F)(F)F)cc2)ccc1Sc1ccc(OCC(=O)O)c2c1CCCC2,-2.672097857935717
O=C(O)COc1ccc(Sc2ccc(COc3ccc(C(F)(F)F)cc3)cc2OCC#Cc2cccnc2)c2c1CCCC2,-2.832508912706236
CCC#CCOc1cc(COc2cccc(C(F)(F)F)c2)ccc1Sc1ccc(OCC(=O)O)c2c1CCCC2,-2.6232492903979003
CCC#CCOc1cc(COc2ccccc2C(F)(F)F)ccc1Sc1ccc(OCC(=O)O)c2c1CCCC2,-3.041392685158225
CCC#CCOc1cc(COc2ccc(Cl)cc2)ccc1Sc1ccc(OCC(=O)O)c2c1CCCC2,-2.544068044350276
Cc1cccc(OCCCOc2ccc(SCC(=O)O)cc2)c1C,-3.146128035678238
Cc1cccc(OCCCOc2ccc(CCC(=O)O)cc2)c1C,-4.049218022670182
Cc1cc(OCc2nc(-c3ccc(-c4ccccc4)cc3)c(-c3ccc(-c4ccccc4)cc3)s2)ccc1OCC(=O)O,-2.113943352306837
Cc1cc(OCc2nc(-c3ccccc3)c(-c3ccc(Cl)cc3)s2)ccc1OCC(=O)O,-2.113943352306837
COc1ccc(-c2nc(COc3ccc(OCC(=O)O)c(C)c3)sc2-c2ccccc2)cc1,-2.278753600952829
Cc1ccc(-c2sc(COc3ccc(OCC(=O)O)c(C)c3)nc2-c2cccnc2)cc1,-2.278753600952829
Cc1cc(OCc2nc(-c3ccc(-c4ccccc4)cc3)cs2)ccc1OCC(=O)O,-2.531478917042255
Cc1cc(OCc2nc(-c3ccc(C(F)(F)F)cc3)c(-c3ccc(C(F)(F)F)cc3)s2)ccc1OCC(=O)O,-2.544068044350276
Cc1cc(OCc2nc(-c3ccc(C(F)(F)F)cc3)cs2)ccc1OCC(=O)O,-3.143014800254095
Cc1cc(OCc2nc(-c3ccc(C(F)(F)F)cc3)c(C)s2)ccc1OCC(=O)O,-3.380211241711606
COc1ccc(-c2sc(COc3ccc(OCC(=O)O)c(C)c3)nc2-c2ccccc2)cc1,-3.418301291319745
Cc1cc(OCc2nc(-c3ccc(Cl)cc3)c(-c3ccccc3)s2)ccc1OCC(=O)O,-3.770852011642144
COc1ccc(-c2nc(COc3ccc(OCC(=O)O)c(C)c3)oc2-c2ccc(C(F)(F)F)cc2)cc1,-1.0
COc1ccc(-c2nc(COc3ccc(OCC(=O)O)c(C)c3)oc2-c2ccc(OC(F)(F)F)cc2)cc1,-1.0
COc1ccc(-c2nc(COc3ccc(OCC(=O)O)c(C)c3)sc2-c2ccc(-c3ccccc3)cc2)cc1,-1.0
CCCc1ccc(-c2oc(COc3ccc(OCC(=O)O)c(C)c3)nc2-c2ccc(OC)cc2)cc1,-1.0
COc1ccc(-c2nc(COc3ccc(OCC(=O)O)c(C)c3)sc2-c2ccc(OC(F)(F)F)cc2)cc1,-1.3010299956639813
COc1ccc(-c2nc(COc3ccc(OCC(=O)O)c(C)c3)sc2-c2ccc3ccccc3c2)cc1,-1.3010299956639813
COc1ccc(-c2nc(COc3ccc(OCC(=O)O)c(C)c3)sc2-c2ccc(C(F)(F)F)cc2)cc1,-1.6020599913279625
COc1ccc(-c2nc(COc3ccc(OCC(=O)O)c(C)c3)sc2-c2cc3ccccc3o2)cc1,-1.6989700043360187
COc1ccc(-c2nc(COc3ccc(OCC(=O)O)c(C)c3)sc2-c2cccc(C(F)(F)F)c2)cc1,-1.845098040014257
COc1ccc(-c2nc(COc3ccc(OCC(=O)O)c(C)c3)oc2-c2ccc(Cl)c(Cl)c2)cc1,-1.845098040014257
COc1ccc(-c2nc(COc3ccc(OCC(=O)O)c(C)c3)sc2-c2cnc3ccccc3c2)cc1,-1.9030899869919435
COc1ccc(-c2nc(COc3ccc(OCC(=O)O)c(C)c3)sc2/C=C/c2ccccc2)cc1,-2.041392685158225
COc1ccc(-c2nc(COc3ccc(OCC(=O)O)c(C)c3)sc2-c2ccc(OC)c(Cl)c2)cc1,-2.113943352306837
COc1ccc(-c2nc(COc3ccc(OCC(=O)O)c(C)c3)sc2-c2ccc(SC(F)(F)F)cc2)cc1,-2.1760912590556813
CCCc1ccc(-c2sc(COc3ccc(OCC(=O)O)c(C)c3)nc2-c2ccc(OC)cc2)cc1,-2.7075701760979363
COc1ccc(-c2nc(COc3ccc(OCC(=O)O)c(C)c3)oc2-c2cccc(C(F)(F)F)c2)cc1,-2.812913356642856
COc1ccc(-c2nc(COc3ccc(OCC(=O)O)c(C)c3)sc2-c2ccc(C(C)(C)C)cc2)cc1,-2.8573324964312685
COc1ccc(-c2nc(COc3ccc(OCC(=O)O)c(C)c3)sc2-c2ccc(Cl)nc2)cc1,-2.9444826721501687
Cc1cc(OCc2nc(-c3ccc(C(=O)N4CCCCC4)cc3)c(-c3ccc(OC(F)(F)F)cc3)s2)ccc1OCC(=O)O,-0.7781512503836436
Cc1cc(OCc2nc(-c3ccc(OC(C)C)cc3)c(-c3ccc(OC(F)(F)F)cc3)s2)ccc1OCC(=O)O,-0.9294189257142929
Cc1cc(OCc2nc(-c3ccc4c(c3)OCCCO4)c(-c3ccc(OC(F)(F)F)cc3)s2)ccc1OCC(=O)O,-1.1139433523068367
Cc1cc(OCc2nc(-c3ccc4c(c3)OCCO4)c(-c3ccc(OC(F)(F)F)cc3)s2)ccc1OCC(=O)O,-1.230448921378274
Cc1cc(OCc2nc(-c3ccc(C(=O)N4CCCCC4)cc3)c(-c3ccc(OC(F)(F)F)cc3)o2)ccc1OCC(=O)O,-1.255272505103306
Cc1cc(OCc2nc(-c3ccc(C(=O)N(C)C)cc3)c(-c3ccc(OC(F)(F)F)cc3)s2)ccc1OCC(=O)O,-1.3617278360175928
CCCCOc1ccc(-c2nc(COc3ccc(OCC(=O)O)c(C)c3)sc2-c2ccc(OC(F)(F)F)cc2)cc1,-1.414973347970818
CCN(CC)c1ccc(-c2nc(COc3ccc(OCC(=O)O)c(C)c3)sc2-c2ccc(OC(F)(F)F)cc2)cc1,-1.4771212547196624
Cc1cc(OCc2nc(-c3ccc4c(c3)OCO4)c(-c3ccc(OC(F)(F)F)cc3)s2)ccc1OCC(=O)O,-1.4913616938342726
CCOc1ccc(-c2nc(COc3ccc(OCC(=O)O)c(C)c3)sc2-c2ccc(OC(F)(F)F)cc2)cc1,-1.505149978319906
CCCOc1ccc(-c2nc(COc3ccc(OCC(=O)O)c(C)c3)sc2-c2ccc(OC(F)(F)F)cc2)cc1,-1.5440680443502757
Cc1cc(OCc2nc(-c3ccc(N4CCOCC4)cc3)c(-c3ccc(OC(F)(F)F)cc3)s2)ccc1OCC(=O)O,-1.6532125137753435
Cc1cc(OCc2nc(-c3ccc(N4CCCCC4)cc3)c(-c3ccc(OC(F)(F)F)cc3)s2)ccc1OCC(=O)O,-1.7160033436347992
COc1ccc(-c2nc(COc3ccc(OCC(=O)O)c(C)c3)sc2-c2ccc(OC(F)(F)F)cc2)cc1F,-1.7481880270062005
Cc1cc(OCc2nc(-c3ccc(OCC(C)C)cc3)c(-c3ccc(OC(F)(F)F)cc3)s2)ccc1OCC(=O)O,-1.7993405494535817
COc1cccc(-c2nc(COc3ccc(OCC(=O)O)c(C)c3)sc2-c2ccc(OC(F)(F)F)cc2)c1,-2.0791812460476247
Cc1cc(OCc2nc(-c3ccc(-c4ccccc4)cc3)c(-c3ccc(OC(F)(F)F)cc3)s2)ccc1OCC(=O)O,-2.204119982655925
Cc1cc(OCc2nc(-c3ccc(C(F)(F)F)cc3)c(-c3ccc(OC(F)(F)F)cc3)s2)ccc1OCC(=O)O,-2.519827993775719
Cc1cc(OCc2nc(-c3ccc(N4CCCC4)cc3)c(-c3ccc(OC(F)(F)F)cc3)s2)ccc1OCC(=O)O,-2.6127838567197355
Cc1cc(OCc2nc(-c3ccc4[nH]c(=O)oc4c3)c(-c3ccc(OC(F)(F)F)cc3)s2)ccc1OCC(=O)O,-2.73559889969818
Cc1cc(OCc2nc(-c3ccc(NS(C)(=O)=O)cc3)c(-c3ccc(OC(F)(F)F)cc3)s2)ccc1OCC(=O)O,-2.88930170250631
Cc1cc(OCc2nc(-c3cnc(OC(C)C)nc3)c(-c3ccc(OC(F)(F)F)cc3)o2)ccc1OCC(=O)O,-0.0
Cc1cc(OCc2nc(-c3ccc(N4CCOCC4)nc3)c(-c3ccc(OC(F)(F)F)cc3)o2)ccc1OCC(=O)O,-0.3010299956639812
Cc1cc(OCc2nc(-c3cnc(N4CCOCC4)nc3)c(-c3ccc(OC(F)(F)F)cc3)s2)ccc1OCC(=O)O,-0.4771212547196624
Cc1cc(OCc2nc(-c3cccnc3)c(-c3ccc(OC(F)(F)F)cc3)o2)ccc1OCC(=O)O,-0.8450980400142568
Cc1cc(OCc2nc(-c3ccc(OC(C)C)nc3)c(-c3ccc(OC(F)(F)F)cc3)s2)ccc1OCC(=O)O,-1.0
COc1ccc(-c2nc(COc3ccc(OCC(=O)O)c(C)c3)oc2-c2ccc(OC(F)(F)F)cc2)cn1,-0.9542425094393248
COc1ncc(-c2nc(COc3ccc(OCC(=O)O)c(C)c3)oc2-c2ccc(OC(F)(F)F)cc2)cn1,-1.146128035678238
Cc1cc(OCc2nc(-c3ccc(N4CCOCC4)nc3)c(-c3ccc(OC(F)(F)F)cc3)s2)ccc1OCC(=O)O,-1.255272505103306
COc1ncc(-c2nc(COc3ccc(OCC(=O)O)c(C)c3)sc2-c2ccc(OC(F)(F)F)cc2)cn1,-1.5314789170422551
Cc1cc(OCc2nc(-c3cncnc3)c(-c3ccc(OC(F)(F)F)cc3)o2)ccc1OCC(=O)O,-1.740362689494244
Cc1cc(OCc2nc(-c3cncnc3)c(-c3ccc(OC(F)(F)F)cc3)s2)ccc1OCC(=O)O,-1.7708520116421442
CCCc1cc(OCc2nc(-c3ccc(OC)cc3)c(-c3ccc(C(F)(F)F)cc3)s2)ccc1OCC(=O)O,-1.3010299956639813
COc1ccc(-c2nc(CSc3ccc(CC(=O)O)cc3Cl)sc2-c2ccc(C(F)(F)F)cc2)cc1,-1.792391689498254
COc1ccc(-c2nc(COc3ccc(CCC(=O)O)c(C)c3)sc2-c2ccc(C(F)(F)F)cc2)cc1,-2.146128035678238
COc1ccc(-c2nc(COc3ccc(CC(=O)O)c(C)c3)sc2-c2ccc(C(F)(F)F)cc2)cc1,-2.146128035678238
COc1ccc(-c2nc(CSc3ccc(OCC(=O)O)c(C)c3)sc2-c2ccc(C(F)(F)F)cc2)cc1,-2.361727836017593
COc1ccc(-c2nc(COc3ccc4c(ccn4CC(=O)O)c3)sc2-c2ccc(C(F)(F)F)cc2)cc1,-2.531478917042255
COc1ccc(-c2nc(COc3ccc4c(c3)CC(C(=O)O)O4)sc2-c2ccc(C(F)(F)F)cc2)cc1,-2.6627578316815743
COc1ccc(-c2nc(COc3ccc(CC(=O)O)cc3Cl)sc2-c2ccc(C(F)(F)F)cc2)cc1,-2.681241237375587
COc1ccc(-c2nc(COc3ccc4c(CC(=O)O)cccc4c3)sc2-c2ccc(C(F)(F)F)cc2)cc1,-2.869231719730976
COc1ccc(-c2nc(COc3ccc(OCC(=O)O)cc3)sc2-c2ccc(C(F)(F)F)cc2)cc1,-2.9684829485539352
COc1ccc(-c2nc(COc3ccc(OCC(=O)O)cc3C)sc2-c2ccc(C(F)(F)F)cc2)cc1,-3.3541084391474008
COc1ccc(-c2nc(COc3ccc(OCC(=O)O)c4ccccc34)sc2-c2ccc(C(F)(F)F)cc2)cc1,-3.4668676203541096
Cc1cc(OCc2nc(-c3cccnc3)c(-c3ccc(-c4ccccc4)cc3)o2)ccc1OCC(=O)O,-0.8450980400142568
Cc1cc(OCc2nc(-c3ccc(OC(C)C)cc3)c(-c3ccc(-c4ccccc4)cc3)s2)ccc1OCC(=O)O,-0.9777236052888476
CCCc1ccc(-c2oc(COc3ccc(OCC(=O)O)c(C)c3)nc2-c2cnc(OC)nc2)cc1,-0.9777236052888476
CCCc1ccc(-c2sc(COc3ccc(OCC(=O)O)c(C)c3)nc2-c2ccc(OC(C)C)cc2)cc1,-1.0791812460476249
Cc1cc(OCc2nc(-c3ccc(N4CCOCC4)cc3)c(-c3ccc(-c4ccccc4)cc3)s2)ccc1OCC(=O)O,-1.2041199826559248
Cc1cc(OCc2nc(-c3ccc(OC(C)C)cc3)c(-c3cccc(OC(F)(F)F)c3)s2)ccc1OCC(=O)O,-1.0969100130080565
COc1ccc(-c2nc(CSc3ccc(OCC(=O)O)cc3Cl)sc2-c2ccc(OC)cc2)cc1,-1.4771212547196624
COc1ccc(-c2nc(COc3ccc(OCC(=O)O)c(C)c3)sc2-c2ccc(OC)cc2)cc1,-2.0
COc1ccc(-c2nc(COc3ccc(OCC(=O)O)c(C)c3)oc2-c2ccc(OC)cc2)cc1,-2.0791812460476247
COc1ccc(-c2nc(CSc3ccc(OCC(=O)O)cc3Cl)oc2-c2ccc(OC)cc2)cc1,-2.397940008672037
COc1ccc(-c2nc(CSc3ccc(OCC(=O)O)c(C)c3)sc2-c2ccc(OC)cc2)cc1,-2.672097857935717
COc1ccc(-c2nc(Sc3ccc(OCC(=O)O)c(C)c3)sc2-c2ccc(OC)cc2)cc1,-3.14921911265538
COc1ccc(-c2nc(SCc3ccc(OCC(=O)O)c(C)c3)sc2-c2ccc(OC)cc2)cc1,-3.7535830588929056
COc1ccc(-c2nc(Sc3ccc(OCC(=O)O)cc3Cl)sc2-c2ccc(OC)cc2)cc1,-3.803457115648414
Cc1cc(OC/C=C(\C#Cc2ccc(C(F)(F)F)cc2)c2ccc(Br)cc2)ccc1OCC(=O)O,-2.113943352306837
O=C(O)Cc1cccc(-c2noc(-c3ccccc3)c2C(=O)NCCOc2cc(Cl)cc(Cl)c2)c1,-1.845098040014257
COc1ccc(-c2nc(Sc3cccc(C(C)C(=O)O)c3)sc2-c2ccc(OC)cc2)cc1,-3.505149978319906
CCCCOc1ccc(-c2ccc(C(=O)O)c(C)c2)cc1CNC(=O)c1ccc(C(F)(F)F)cc1F,-1.6532125137753435
CCCCOc1ccc(-c2cccc(C(=O)O)c2C)cc1CNC(=O)c1ccc(C(F)(F)F)cc1F,-0.2041199826559248
CCCCOc1ccc(-c2cc(C(=O)O)ccc2C)cc1CNC(=O)c1ccc(C(F)(F)F)cc1F,-0.6901960800285137
CCCCOc1ccc(-c2ccc(C(=O)O)cc2)cc1CNC(=O)c1ccc(C(F)(F)F)cc1F,-2.230448921378274
CCCCOc1ccc(-c2ccc(C(=O)O)nc2)cc1CNC(=O)c1ccc(C(F)(F)F)cc1F,-2.6020599913279625
CCCCOc1ccc(-c2ccc(C(=O)O)cc2F)cc1CNC(=O)c1ccc(C(F)(F)F)cc1F,-1.7242758696007892
CCCCOc1ccc(-c2ccc(C(=O)O)cc2C)cc1CNC(=O)c1ccc(C(F)(F)F)cc1F,-1.041392685158225
Cc1ccc(NC(=O)CN(Cc2ccc(OC(C)(C)C(=O)O)cc2)Cc2ccco2)c(C)c1,-3.778151250383644
CCCCOc1ccc(-c2cncc(C(=O)O)c2)cc1CNC(=O)c1ccc(C(F)(F)F)cc1F,-2.342422680822206
CCCCOc1ccc(-c2c(F)ccc(C(=O)O)c2F)cc1CNC(=O)c1ccc(C(F)(F)F)cc1F,-0.7558748556724915
Cc1cc(CN2CCCC2C(=O)Nc2ccc(Cl)cc2Cl)ccc1OCC(=O)O,-3.204119982655925
Cc1cc(CN2Cc3ccccc3C2C(=O)Nc2ccc(Cl)cc2Cl)ccc1OCC(=O)O,-1.3979400086720375
Cc1cc(CN2Cc3ccccc3C2C(=O)Nc2cc(Cl)ccc2Cl)ccc1OCC(=O)O,-2.505149978319906
Cc1cc(CN2Cc3ccccc3C2C(=O)Nc2ccc(Cl)cc2)ccc1OCC(=O)O,-3.397940008672037
Cc1cc(CN2Cc3ncccc3CC2C(=O)Nc2ccc(Cl)cc2Cl)ccc1OCC(=O)O,-2.6989700043360187
CC/C(=N\OCc1sc(-c2ccc(C(F)(F)F)cc2)nc1C)c1ccc(OCC(=O)O)c(C)c1,-2.903089986991944
C/C(=N\OCc1nc(-c2ccccc2)oc1C)c1ccc(OCC(=O)O)c(C)c1,-2.903089986991944
C/C(=N\OCc1nc(-c2ccc(C)cc2)oc1C)c1ccc(OCC(=O)O)c(C)c1,-2.4771212547196626
Cc1cc(S(=O)(=O)N(CCC(C)C)c2cccc(-c3ccc(C(F)(F)F)cc3)c2)ccc1OCC(=O)O,-2.200001865406602
CCCCN(c1cccc(-c2ccc(Cl)cc2)c1C)S(=O)(=O)c1ccc(OCC(=O)O)c(C)c1C,-0.2999429000227671
CCCCN(c1cccc(-c2ccc(Cl)cc2)c1C)S(=O)(=O)c1ccc(OC(CC)C(=O)O)c(C)c1C,-2.099991233544684
CCCCN(c1cccc(-c2ccc(Cl)cc2)c1C)S(=O)(=O)c1ccc(OC(C)C(=O)O)c(C2CCCCC2)c1,-1.2000292665537704
CCCCN(c1cccc(-c2ccc(Cl)cc2)c1C)S(=O)(=O)c1ccc(OC(C)C(=O)O)c(Cl)c1Cl,-1.8000293592441343
CCCCN(c1cccc(-c2ccc(Cl)cc2)c1C)S(=O)(=O)c1ccc(OC(C)C(=O)O)c(F)c1OC,-2.7000023971422538
CCCN(c1cccc(-c2ccc(Cl)cc2)c1C)S(=O)(=O)c1ccc(OC(C)C(=O)O)c(C)c1C,-1.899984562549391
Cc1c(-c2ccc(Cl)cc2)cccc1N(CC1CCC1)S(=O)(=O)c1ccc(OC(C)C(=O)O)c(C)c1C,-2.7000023971422538
Cc1c(-c2ccc(Cl)cc2)cccc1N(CC1CC1)S(=O)(=O)c1ccc(OC(C)C(=O)O)c(C)c1C,-2.900000965153469
COCCN(c1cccc(-c2ccc(Cl)cc2)c1C)S(=O)(=O)c1ccc(OC(C)C(=O)O)c(C)c1C,-2.7000023971422538
Cc1c(-c2ccc(Cl)cc2)cccc1N(CCCC(F)(F)F)S(=O)(=O)c1ccc(OC(C)C(=O)O)c(C)c1C,-3.299999496116984
CCCCN(c1cccc(-c2ccc(Cl)cc2)c1OC)S(=O)(=O)c1ccc(OC(C)C(=O)O)c(C)c1C,-1.299942900022767
CCCCN(c1ccc(F)c(-c2ccc(Cl)cc2)c1)S(=O)(=O)c1ccc(OC(C)C(=O)O)c(C)c1C,-1.599992177584098
CCCCN(c1ccc(C)c(-c2ccc(Cl)cc2)c1)S(=O)(=O)c1ccc(OC(C)C(=O)O)c(C)c1C,-2.099991233544684
CCCCN(c1cc(-c2ccc(Cl)cc2)ccc1OC(F)(F)F)S(=O)(=O)c1ccc(OC(C)C(=O)O)c(C)c1C,-3.0
CCCCN(c1cc(-c2ccc(Cl)cc2)ccc1C)S(=O)(=O)c1ccc(OC(C)C(=O)O)c(C)c1C,-2.900000965153469
CCCCN(c1cc(-c2ccc(Cl)cc2)c(F)cc1F)S(=O)(=O)c1ccc(OC(C)C(=O)O)c(C)c1C,-3.100001582801352
CCCCN(c1cc(-c2ccc(Cl)cc2)c(F)cc1C)S(=O)(=O)c1ccc(OC(C)C(=O)O)c(C)c1C,-3.500000321342936
CCCCN(c1cccc(-c2cccc(Cl)c2)c1C)S(=O)(=O)c1ccc(OC(C)C(=O)O)c(C)c1C,-2.7000023971422538
CCCCN(c1cccc(-c2ccccc2Cl)c1C)S(=O)(=O)c1ccc(OC(C)C(=O)O)c(C)c1C,-3.299999496116984
CCCCN(c1cccc(-c2ccc(C(F)(F)F)cc2)c1C)S(=O)(=O)c1ccc(OC(C)C(=O)O)c(C)c1C,-0.8000293592441343
CCCCN(c1cccc(-c2ccc(OC(F)(F)F)cc2)c1C)S(=O)(=O)c1ccc(OC(C)C(=O)O)c(C)c1C,-1.599992177584098
CCCCN(c1cccc(-c2ccc(C)cc2)c1C)S(=O)(=O)c1ccc(OC(C)C(=O)O)c(C)c1C,-1.4999618655961902
CCCCN(c1cccc(-c2ccc(OC)cc2)c1C)S(=O)(=O)c1ccc(OC(C)C(=O)O)c(C)c1C,-1.599992177584098
CCCCN(c1cccc(-c2ccc(OC(F)(F)F)cc2)c1Cl)S(=O)(=O)c1ccc(OC(C)C(=O)O)c(C)c1C,-1.0984360453403634
CCCCN(c1cccc(-c2ccc(C(F)(F)F)cc2)c1Cl)S(=O)(=O)c1ccc(OC(C)C(=O)O)c(C)c1C,-0.7401784042568337
CCC(Cc1ccc(OC)c(CNC(=O)c2ccc(OC(F)(F)F)cc2)c1)C(=O)O,-2.041392685158225
CCC(Cc1ccc(OC)c(CNC(=O)c2ccc(Oc3ccccc3)cc2)c1)C(=O)O,-2.0791812460476247
CC[C@@H](Cc1ccc(OC)c(CNC(=O)c2ccc(Oc3ccc(F)cc3)cc2)c1)C(=O)O,-2.4771212547196626
CC[C@@H](Cc1ccc(OC)c(CNC(=O)c2ccc(Oc3ccc(Br)cc3)cc2)c1)C(=O)O,-2.903089986991944
CCC(Cc1ccc(OC)c(CNC(=O)c2ccc(OCc3ccccc3)cc2)c1)C(=O)O,-3.146128035678238
CCC(Cc1ccc(OC)c(CNC(=O)c2ccc(OCCc3ccccc3)cc2)c1)C(=O)O,-3.146128035678238
CCC(Cc1ccc(OC)c(CNC(=O)c2cccc(-c3ccccc3)c2)c1)C(=O)O,-3.612783856719736
CCC(Cc1ccc(OC)c(CNC(=O)c2cccc(Oc3ccccc3)c2)c1)C(=O)O,-3.681241237375587
Cc1oc(-c2ccccc2)nc1CCc1noc2cc(OC(C)(C)C(=O)O)ccc12,-4.173186268412274
CCc1oc(-c2ccccc2)nc1CCc1noc2cc(OC(C)(C)C(=O)O)ccc12,-3.8260748027008256
CCCc1oc(-c2ccccc2)nc1CCc1noc2cc(OC(C)(C)C(=O)O)ccc12,-3.991226075692495
CCCc1oc(-c2ccccc2Cl)nc1CCc1noc2cc(OC(C)(C)C(=O)O)ccc12,-3.7323937598229686
CC(C)c1oc(-c2ccccc2Cl)nc1CCc1noc2cc(OC(C)(C)C(=O)O)ccc12,-3.113943352306837
CCCCCCc1oc(-c2ccccc2Cl)nc1CCc1noc2cc(OC(C)(C)C(=O)O)ccc12,-3.3010299956639813
CC(C)c1oc(-c2ccc(C(C)(C)C)cc2)nc1CCc1noc2cc(OC(C)(C)C(=O)O)ccc12,-3.0791812460476247
CCCCc1ccc(-c2nc(CCc3noc4cc(OC(C)(C)C(=O)O)ccc34)c(C(C)C)o2)cc1,-2.845098040014257
Cc1cc2c(CCc3sc(-c4ccc(C(F)(F)F)cc4)nc3C(C)C)noc2cc1OC(C)(C)C(=O)O,-1.041392685158225
CCCCOc1cc(N2C(=O)c3ccccc3C2=O)ccc1CCc1ccc(CC(CC)C(=O)O)cc1,-3.505149978319906
CCC(Cc1ccc(CCc2ccc(N3C(=O)c4ccccc4C3=O)cc2O)cc1)C(=O)O,-4.3979400086720375
CCC(Cc1ccc(CCc2ccc(N3C(=O)c4ccccc4C3=O)cc2)cc1)C(=O)O,-4.146128035678238
CCc1cc(SCc2sc(-c3ccc(C(F)(F)F)cc3)nc2C)ccc1OC(F)C(=O)O,-2.462397997898956
Cc1nc(-c2ccc(C(F)(F)F)cc2)sc1CSc1ccc(OC(F)C(=O)O)c(C(C)C)c1,-2.7634279935629373
CC[C@@H](Cc1ccc(OC)c(C(=O)NCc2ccc(Oc3ccc(F)cc3)cc2)c1)C(=O)O,-3.2833012287035497
COc1ccc(-c2cccc(C(=O)O)c2)cc1CNC(=O)c1ccc(Oc2ccccc2)cc1,-2.672097857935717
Cc1nc(-c2ccc(F)cc2)sc1C(=O)N[C@H]1CCCN(c2cccc(C(=O)O)c2)C1,-3.9444826721501687
COc1ccc(-c2nc(C)c(C(=O)N[C@H]3CCCN(c4cccc(C(=O)O)c4)C3)s2)cc1,-3.255272505103306
COc1cc([C@H]2OC[C@@H]3[C@H](c4ccc5c(c4)OCO5)OC[C@H]23)cc(OC)c1O,-4.6776069527204935
COc1cc([C@H]2OC[C@@H]3[C@H](c4ccc(O)c(OC)c4)OC[C@H]23)ccc1O,-4.694605198933568
CC(C)(O)C1=C[C@@H](O)[C@@](C)(O)CC1,-4.685741738602264
C=CCc1ccc(OC)c(OC)c1,-4.704150516839799
COc1ccc([C@@H](O)[C@H](O)CO)cc1OC,-4.354108439147401
C/C=C\CC/C=C/C=C/C(=O)NCC(C)C,-3.690196080028514
CC=C/C=C\CC/C=C/C=C/C(=O)NCC(C)C,-4.708420900134713
CCCC(Sc1ccc(OCC(=O)O)c(C)c1)c1sc(-c2ccc(C(F)(F)F)cc2)nc1C,-0.0
Cc1cc(SC(CC(C)C)c2sc(-c3ccc(C(F)(F)F)cc3)nc2C)ccc1OCC(=O)O,-0.041392685158225
Cc1cc(SC(CC2CC2)c2sc(-c3ccc(C(F)(F)F)cc3)nc2C)ccc1OCC(=O)O,-0.041392685158225
Cc1cc(SC(Cc2c(F)cccc2Cl)c2sc(-c3ccc(C(F)(F)F)cc3)nc2C)ccc1OCC(=O)O,-0.0791812460476248
Cc1cc(SC(Cc2ccccc2)c2sc(-c3ccc(C(F)(F)F)cc3)nc2C)ccc1OCC(=O)O,-0.8633228601204559
CCC(Sc1ccc(OCC(=O)O)c(C)c1)c1sc(-c2ccc(C(F)(F)F)cc2)nc1C,-0.255272505103306
Cc1cc(SC(Cc2c(F)cccc2F)c2sc(-c3ccc(C(F)(F)F)cc3)nc2C)ccc1OCC(=O)O,-0.3222192947339193
CCCCC(Sc1ccc(OCC(=O)O)c(C)c1)c1sc(-c2ccc(C(F)(F)F)cc2)nc1C,-0.3617278360175928
Cc1cc(SC(CCc2ccccc2)c2sc(-c3ccc(C(F)(F)F)cc3)nc2C)ccc1OCC(=O)O,-0.414973347970818
Cc1cc(SC(Cc2c(Cl)cccc2Cl)c2sc(-c3ccc(C(F)(F)F)cc3)nc2C)ccc1OCC(=O)O,-0.4471580313422192
Cc1cc(SC(Cc2ccc(-c3ccccc3)cc2)c2sc(-c3ccc(C(F)(F)F)cc3)nc2C)ccc1OCC(=O)O,-0.6434526764861874
COc1ccc(CC(Sc2ccc(OCC(=O)O)c(C)c2)c2sc(-c3ccc(C(F)(F)F)cc3)nc2C)cc1,-0.6812412373755872
Cc1cc(SC(CCCc2ccccc2)c2sc(-c3ccc(C(F)(F)F)cc3)nc2C)ccc1OCC(=O)O,-0.785329835010767
Cc1cc(SC(Cc2c(F)c(F)c(F)c(F)c2F)c2sc(-c3ccc(C(F)(F)F)cc3)nc2C)ccc1OCC(=O)O,-0.9084850188786496
Cc1cc(SC(Cc2ccc(C(F)(F)F)cc2)c2sc(-c3ccc(C(F)(F)F)cc3)nc2C)ccc1OCC(=O)O,-0.9731278535996988
Cc1cc(SC(Cc2cc(F)ccc2F)c2sc(-c3ccc(C(F)(F)F)cc3)nc2C)ccc1OCC(=O)O,-1.2227164711475833
Cc1cc(SC(CCCCc2ccccc2)c2sc(-c3ccc(C(F)(F)F)cc3)nc2C)ccc1OCC(=O)O,-1.5888317255942073
Cc1cc(SC(CCCCCCCc2ccccc2)c2sc(-c3ccc(C(F)(F)F)cc3)nc2C)ccc1OCC(=O)O,-1.7573960287930244
Cc1cc(SC(CCCCCCCCCCc2ccccc2)c2sc(-c3ccc(C(F)(F)F)cc3)nc2C)ccc1OCC(=O)O,-2.12057393120585
Cc1cc(SC(Cc2cccc3ccccc23)c2sc(-c3ccc(C(F)(F)F)cc3)nc2C)ccc1OCC(=O)O,-2.690284702512629
Cc1cc(SC(c2sc(-c3ccc(C(F)(F)F)cc3)nc2C)C(c2ccccc2)c2ccccc2)ccc1OCC(=O)O,-2.718501688867274
O=C(Nn1cc([N+](=O)[O-])cn1)c1cccc(COc2ccc(Br)cc2)c1,-4.32221929473392
CCOC(=O)c1sc(N2C(=O)C(O)=C(C(=O)c3cccs3)C2c2ccc(C)o2)nc1C,-4.414973347970818
OC[C@H]1O[C@@H](O[C@H](CCc2ccc(O)c(O)c2)C[C@H](O)CCc2ccc(O)cc2)[C@H](O)[C@@H](O)[C@@H]1O,-4.193124598354461
OC[C@H]1O[C@@H](O[C@@H]2C[C@H](CCc3ccc(O)c(O)c3)O[C@H](c3ccc(O)c(O)c3)C2)[C@H](O)[C@@H](O)[C@@H]1O,-4.478566495593843
OC[C@H]1O[C@@H](Oc2ccc(CCCC[C@H](O)CCc3ccc(O[C@@H]4O[C@H](CO)[C@@H](O)[C@H](O)[C@H]4O)c(O)c3)cc2O)[C@H](O)[C@@H](O)[C@@H]1O,-4.117271295655764
O=C(CCCCc1ccc(O[C@@H]2O[C@H](CO)[C@@H](O)[C@H](O)[C@H]2O)c(O)c1)CCc1ccc(O[C@@H]2O[C@H](CO)[C@@H](O)[C@H](O)[C@H]2O)c(O)c1,-4.041392685158225
COc1cccc(-c2coc3cc(O)ccc3c2=O)c1,-4.0948203803548
O=c1c(-c2ccc(F)cc2)coc2cc(O)ccc12,-4.387211800313731
O=c1c(-c2ccc3c(c2)OCO3)coc2cc(O)ccc12,-4.349083168779591
COc1cc(OC)cc(-c2coc3cc(O)ccc3c2=O)c1,-4.234770295160916
CCOC(c1ccc(OC(F)(F)F)cc1)C1CC1c1cc(C)c(OC(C)(C)C(=O)O)c(C)c1,-1.2787536009528289
Cc1cc(C2CC2C(OCCC2CCCCC2)c2ccc(OC(F)(F)F)cc2)cc(C)c1OC(C)(C)C(=O)O,-2.1172712956557644
COC(c1ccc(C(F)(F)F)cc1)C1CC1c1cc(C)c(OC(C)(C)C(=O)O)c(C)c1,-1.2041199826559248
COC(c1ccc(C)cc1)C1CC1c1cc(C)c(OC(C)(C)C(=O)O)c(C)c1,-2.1818435879447726
COC(c1ccc(Br)cc1)C1CC1c1cc(C)c(OC(C)(C)C(=O)O)c(C)c1,-1.6720978579357175
Cc1nc(-c2cccc(C(F)(F)F)c2)sc1CNCc1ccc(OC(C)(C)C(=O)O)cc1,-4.3979400086720375
COc1ccc(C(=O)Nc2cccc(C(=O)O)c2)c(NC(=O)c2ccc(C(C)(C)C)cc2)c1,-3.4771212547196626
O=C(O)c1cccc(NC(=O)c2ccccc2NC(=O)c2ccc3ccccc3c2)c1,-3.6720978579357175
O=C(O)c1cccc(NC(=O)c2ccccc2NC(=O)c2ccc(C(F)(F)F)cc2)c1,-3.505149978319906
O=C(O)c1cccc(NC(=O)c2ccccc2NC(=O)c2ccc(Br)cc2)c1,-4.079181246047625
O=C(O)c1cccc(NC(=O)c2cc(Cl)ccc2NC(=O)c2ccc(C(F)(F)F)cc2)c1,-3.7993405494535817
O=C(O)c1cccc(NC(=O)c2ccc(Cl)cc2NC(=O)c2ccc(C(F)(F)F)cc2)c1,-3.531478917042255
O=C(O)Cc1cccc(NC(=O)c2ccccc2NC(=O)c2ccc(C(F)(F)F)cc2)c1,-3.342422680822206
O=C(O)CCc1cccc(NC(=O)c2ccccc2NC(=O)c2ccc(C(F)(F)F)cc2)c1,-3.832508912706236
CSc1ccc(C(=O)Nc2ccccc2C(=O)Nc2cccc(CC(=O)O)c2)cc1,-3.869231719730976
O=C(O)Cc1cccc(NC(=O)c2ccccc2NC(=O)c2ccc(SC(F)(F)F)cc2)c1,-3.361727836017593
COc1ccc(C(=O)Nc2ccccc2C(=O)Nc2cccc(CC(=O)O)c2)cc1,-3.770852011642144
O=C(O)Cc1cccc(NC(=O)c2ccccc2NC(=O)c2ccc3ccccc3c2)c1,-3.113943352306837
COc1ccc(COc2cccc(OCCOc3ccc4c(c3)c(CC(=O)O)cn4Cc3ccccc3)c2)cc1,-3.7993405494535817
O=C(O)Cc1cn(Cc2ccccc2)c2ccc(OCCCOc3cccc(OCc4ccc(Cl)cc4)c3)cc12,-3.342422680822206
Cc1ccc(COc2cccc(OCCCOc3ccc4c(CC(=O)O)cn(Cc5ccccc5)c4c3)c2)cc1,-3.9731278535996983
O=C(O)Cc1cn(Cc2ccc(F)cc2)c2ccc(OCCCOc3cccc(OCc4ccc(Cl)cc4)c3)cc12,-2.8750612633917
O=P(O)(CCO)OCCC#CC#CCCCCCC/C=C/I,-1.374748346010104
C[C@H]1CN(c2ccc(OC(F)(F)F)cc2)C[C@@H](C)N1S(=O)(=O)c1cccc2c1C[C@@H](C(=O)O)C2,-0.1760912590556812
Cc1cc(SCc2cnc(-c3ccc(C(F)(F)F)cc3)s2)ccc1OCC(=O)O,-0.041392685158225
Cc1cc(SCc2cnc(-c3ccc(C(F)(F)F)c(F)c3)s2)ccc1OCC(=O)O,-0.0
CCOP(=O)(CCO)OCC,-2.049218022670181
CCOP(=O)(O)CCO,-1.8920946026904804
COc1cc([C@H]2OC[C@@H]3[C@@H](c4cc(OC)c(O)c(OC)c4)OC[C@H]23)cc(OC)c1O,-4.257918450314058
C/C(=C\COc1ccc(C)cc1CN(C)C(=O)c1ccc(-c2ccco2)cc1)CCC(=O)O,-1.3263358609287514
C/C(=C\COc1ccccc1CN(C)C(=O)c1ccc(-c2ccco2)c(Cl)c1)CCC(=O)O,-0.6527296960692476
C/C(=C\COc1ccccc1CN(C)C(=O)c1ccc(-c2ccco2)c(F)c1)CCC(=O)O,-0.927626962444954
CC(=O)NC(C)c1nc(-c2ccc(Oc3ccc(O)cc3)cc2)no1,-3.0
CCOc1ccc(Oc2ccc(-c3noc(C(C)NC(C)=O)n3)cc2)cc1,-2.568201724066995
CCc1cc(OCCc2nc(-c3ccc(F)cc3)oc2C)ccc1CCC(=O)O,-1.462397997898956
CCc1cc(OCCc2nc(-c3ccc(C(C)(C)C)cc3)oc2C)ccc1CCC(=O)O,-2.929929560084588
CCc1cc(OCCc2nc(-c3ccc(C)cc3)oc2C)ccc1CCC(=O)O,-0.8450980400142568
CCc1cc(OCCc2nc(-c3ccc(-c4nnn[nH]4)cc3)oc2C)ccc1CCC(=O)O,-3.8300109359361176
CCc1cc(OCCc2nc(-c3ccc([N+](=O)[O-])cc3)oc2C)ncc1CCC(=O)O,-0.4771212547196624
CCc1cc(OCCc2nc(-c3ccc(C#N)cc3)oc2C)ncc1CCC(=O)O,-0.7781512503836436
CCc1cc(OCCc2nc(-c3ccc(C(N)=O)cc3)oc2C)ncc1CCC(=O)O,-2.519827993775719
CCOC(Cc1ccc(Oc2ccc(OCc3ccccc3)cc2)cc1)C(=O)O,-4.491361693834273
CC(=O)NC(C)c1nc(-c2ccc(OCCCOc3ccc(Oc4ccccc4)cc3)cc2)no1,-2.505149978319906
CC(=O)NC(C)c1nc(-c2ccc(OCC=C(c3ccc(Br)cc3)c3ccc(Br)cc3)cc2)no1,-2.9867717342662448
O=C(O)CCCc1cc2cc(Cl)ccc2n1S(=O)(=O)c1ccccc1,-2.8095597146352675
COc1cccc(S(=O)(=O)n2c(CCCC(=O)O)cc3cc(C(F)(F)F)ccc32)c1,-3.2060158767633444
COc1ccc(S(=O)(=O)n2c(CCCC(=O)O)cc3cc(C(F)(F)F)ccc32)cc1,-3.100025730107862
O=C(O)CCCc1cc2cc(C(F)(F)F)ccc2n1S(=O)(=O)c1cccc(Cl)c1,-3.3066394410242617
O=C(O)CCCc1cc2cc(C(F)(F)F)ccc2n1S(=O)(=O)c1ccc(Cl)cc1,-3.2174839442139063
COc1cccc(S(=O)(=O)n2c(CCCC(=O)O)cc3cc(Cl)ccc32)c1,-3.089905111439398
Cc1cccc(S(=O)(=O)n2c(CCCC(=O)O)cc3cc(Cl)ccc32)c1,-3.129367595722986
Cc1ccc(S(=O)(=O)n2c(CCCC(=O)O)cc3cc(Cl)ccc32)cc1,-3.0354297381845483
CN1CCOc2ccc(S(=O)(=O)n3c(CCCC(=O)O)cc4cc(Cl)ccc43)cc21,-2.8432327780980096
O=C(O)CCCc1cc2cc(Cl)ccc2n1S(=O)(=O)c1ccc2c(c1)OCO2,-2.989894563718773
O=C(O)CCCc1cc2cc(Cl)ccc2n1S(=O)(=O)c1ccc2ncsc2c1,-2.937517892017347
Cc1nc2ccc(S(=O)(=O)n3c(CCCC(=O)O)cc4cc(Cl)ccc43)cc2s1,-2.6444385894678386
Cc1nc2cc(S(=O)(=O)n3c(CCCC(=O)O)cc4cc(Cl)ccc43)ccc2s1,-3.040602340114073
Nc1nc2ccc(S(=O)(=O)n3c(CCCC(=O)O)cc4cc(Cl)ccc43)cc2o1,-3.1420764610732848
O=C(O)CCCc1cc2cc(C(F)(F)F)ccc2n1S(=O)(=O)c1ccc2scnc2c1,-3.049218022670181
O=C(O)CCCCCOc1ccccc1CN(C(=O)c1ccc(-c2ccco2)cc1)C1CC1,-1.292256071356476
C/C(=C\C(=O)O)CCCOc1ccccc1CN(C)C(=O)c1ccc(-c2ccco2)cc1,-2.838849090737255
CN(Cc1ccccc1OCCC/C=C/C(=O)O)C(=O)c1ccc(-c2ccco2)cc1,-1.9030899869919435
COc1cccc(-c2nc(C)c(COc3ccc(CCC(=O)O)cc3)o2)c1,-3.146128035678238
COc1cccc(-c2nc(C)c(COc3ccc(CC(=O)O)cc3)o2)c1,-3.255272505103306
COc1cccc(-c2nc(C)c(COc3ccc(C(=O)O)cc3)o2)c1,-3.4149733479708178
COc1ccccc1-c1nc(C)c(COc2ccc(CCC(=O)O)cc2)o1,-3.662757831681574
COc1ccccc1-c1nc(C)c(COc2ccc(CC(=O)O)cc2)o1,-4.041392685158225
COc1ccccc1-c1nc(C)c(COc2ccc(C(=O)O)cc2)o1,-3.9395192526186182
COc1ccccc1-c1nc(C)c(COc2cccc(C(=O)O)c2)o1,-2.9444826721501687
COC(=O)CCc1ccc(OCc2oc(-c3cccc(OC)c3)nc2C)cc1,-3.037426497940624
COc1ccc(COc2ccc(CNc3cccc(OC(C)(C)C(=O)O)c3)cc2)cc1,-4.586587304671755
COc1ccc(COc2ccc(CNc3cccc(OC(C)(C)C(=O)O)c3)c(OCc3ccc(OC)cc3)c2)cc1,-3.949390006644913
Cc1cc(SC(Cc2c(Cl)cccc2Cl)c2ccc(-c3cc(F)c(F)c(F)c3)cc2)ccc1OCC(=O)O,-0.9777236052888476
Cc1cc(SC(Cc2c(F)cccc2F)c2ccc(-c3cc(F)c(F)c(F)c3)cc2)ccc1OCC(=O)O,-0.7993405494535817
Cc1cc(SC(Cc2c(F)cccc2Cl)c2ccc(-c3cc(F)c(F)c(F)c3)cc2)ccc1OCC(=O)O,-0.8388490907372553
Cc1cc(SC(Cc2ccccc2)c2ccc(-c3cc(F)c(F)c(F)c3)cc2)ccc1OCC(=O)O,-0.6532125137753437
Cc1cc(SC(Cc2c(F)cccc2C(F)(F)F)c2ccc(-c3ccccc3)cc2)ccc1OCC(=O)O,-1.0
Cc1cc(SC(Cc2c(F)cccc2Cl)c2ccc(-c3ccccc3)cc2)ccc1OCC(=O)O,-1.414973347970818
Cc1cc(SC(Cc2cc(F)c(F)c(F)c2)c2ccc(-c3ccccc3)cc2)ccc1OCC(=O)O,-1.934498451243568
Cc1cc(SC(Cc2c(F)cccc2F)c2ccc(-c3ccc(F)cc3)cc2)ccc1OCC(=O)O,-0.6020599913279624
Cc1cc(SC(Cc2c(F)cccc2Cl)c2ccc(-c3ccc(F)cc3)cc2)ccc1OCC(=O)O,-1.3979400086720375
Cc1cc(SC(Cc2c(F)cccc2C(F)(F)F)c2ccc(-c3ccc(F)cc3)cc2)ccc1OCC(=O)O,-1.57978359661681
Cc1cc(SC(Cc2cc(F)c(F)c(F)c2)c2ccc(-c3ccc(F)cc3)cc2)ccc1OCC(=O)O,-1.8129133566428557
Cc1cc(SC(Cc2c(F)cccc2Cl)c2ccc(-c3cccc(C(F)(F)F)c3)cc2)ccc1OCC(=O)O,-0.724275869600789
Cc1cc(SC(Cc2c(F)cccc2C(F)(F)F)c2ccc(-c3cccc(C(F)(F)F)c3)cc2)ccc1OCC(=O)O,-0.7634279935629373
Cc1cc(SC(Cc2c(F)cccc2F)c2ccc(-c3cccc(C(F)(F)F)c3)cc2)ccc1OCC(=O)O,-0.9590413923210936
Cc1cc(SC(Cc2cc(F)c(F)c(F)c2)c2ccc(-c3cccc(C(F)(F)F)c3)cc2)ccc1OCC(=O)O,-1.0791812460476249
Cc1cc(SC(Cc2ccccc2)c2ccc(-c3cccc(C(F)(F)F)c3)cc2)ccc1OCC(=O)O,-1.255272505103306
Cc1cc(SC(Cc2ccccc2)c2ccc(-c3ccc(C(F)(F)F)cc3)nc2)ccc1OCC(=O)O,-0.505149978319906
O=C(O)COc1ccc(OCCCOc2cccc(Cl)c2)cc1F,-3.525044807036845
Cc1cc(OCCCOc2cccc(Cl)c2)ccc1OCC(=O)O,-3.2380461031287955
O=C(O)CC1COc2cc(OCCCOc3ccc(-c4ccccc4)cc3)ccc21,-3.296665190261531
CC(C)(C)c1cccc(OCCOc2ccc3c(c2)OCC3CC(=O)O)c1,-3.980911937776844
CC(C)(C)c1cccc(OCCCOc2ccc3c(c2)OCC3CC(=O)O)c1,-3.684845361644412
O=C(O)CC1COc2cc(OCCCOc3cccc(Br)c3)ccc21,-3.374748346010104
O=C(O)CC1COc2cc(OCCCOc3ccccc3F)ccc21,-3.3201462861110542
Cc1cccc(OCCCOc2ccc3c(c2)OCC3CC(=O)O)c1,-3.383815365980431
O=C(O)CC1COc2cc(OCCCOc3ccccc3)ccc21,-3.513217600067939
O=C(O)CC1COc2cc(OCCOc3ccccc3)ccc21,-3.899273187317604
Cc1cc(CCc2cc(-c3ccc(Br)cc3)on2)cc(C)c1OC(C)(C)C(=O)O,-0.6989700043360189
Cc1cc(Cc2cc(-c3ccc(Br)cc3)on2)cc(C)c1OC(C)(C)C(=O)O,-0.6989700043360189
CC(C)(Oc1ccc(OCc2nn(-c3ccc(C(F)(F)F)cc3)c(=O)n2-c2ccccc2F)cc1)C(=O)O,-1.8494194137968996
CCCCCCC(Sc1nc2ccc(NC(=O)c3ccc(C(C)(C)C)cc3)cc2s1)C(=O)O,-3.792391689498254
CCCCCCC(Sc1nc2ccc(NC(=O)c3ccccc3)cc2s1)C(=O)O,-3.845098040014257
CCCCCCC(Sc1nc2ccc(NCc3ccccc3)cc2s1)C(=O)O,-3.785329835010767
CCCCCCC(Sc1nc2ccc(NCc3ccc4ccccc4c3)cc2s1)C(=O)O,-3.633468455579586
CCCCCCC(Sc1nc2ccc(NS(=O)(=O)c3ccc(Cl)cc3)cc2s1)C(=O)O,-3.724275869600789
Cc1cccc(Nc2cc(Br)nc(SCC(=O)O)n2)c1C,-4.230448921378274
Cc1cccc(Nc2cc(Cl)nc(OCCC(=O)O)n2)c1C,-4.113943352306837
Cc1cccc(Nc2cc(Cl)nc(SCCC(=O)O)n2)c1C,-4.041392685158225
O=C(O)CSc1nc(Cl)cc(Nc2cccc3c2CCCC3)n1,-3.851258348719076
O=C(O)CSc1nc(Cl)cc(Nc2ccc(Cl)c3c2CCC3)n1,-3.633468455579586
Cc1cccc(N(c2cc(Cl)nc(SCC(=O)O)n2)C(C)C)c1C,-3.755874855672492
Cc1nc(-c2ccc(Cl)cc2)sc1COc1ccc2c(c1)OCC2CC(=O)O,-2.4216039268698317
Cc1ccc(-c2nc(C)c(COc3ccc4c(c3)OCC4CC(=O)O)s2)cc1,-2.3384564936046046
COc1ccc(-c2nc(C)c(COc3ccc4c(c3)OCC4CC(=O)O)s2)cc1,-2.963787827345555
Cc1nc(-c2ccc(F)cc2)sc1COc1ccc2c(c1)OCC2CC(=O)O,-2.48572142648158
Cc1nc(-c2ccccc2)sc1COc1ccc2c(c1)OCC2CC(=O)O,-2.9360107957152097
[2H]C([2H])(Cc1ccc(OCc2sc(-c3ccc(C(F)(F)F)cc3)nc2C)cc1)C(=O)O,-2.575187844927661
[2H]C([2H])(Cc1ccc(OCc2sc(-c3ccc(F)cc3)nc2C)cc1)C(=O)O,-2.7234556720351857
Cc1nc(-c2ccccc2)oc1COc1ccc(OCC(=O)O)c(F)c1,-3.424881636631067
Cc1ccc(-c2nc(C)c(COc3ccc(OCC(=O)O)c(F)c3)s2)cc1,-2.751279103983342
Cc1nc(-c2cccc(F)c2)sc1COc1ccc(OCC(=O)O)c(F)c1,-2.8920946026904804
Cc1nc(-c2ccc(F)cc2)sc1COc1ccc(OCC(=O)O)c(F)c1,-2.8627275283179747
Cc1nc(-c2ccc(C(F)(F)F)cc2)sc1COc1ccc(OCC(=O)O)c(F)c1,-2.639486489268586
Cc1cc(OCc2sc(-c3ccccc3)nc2C)ccc1OCC(=O)O,-3.2174839442139063
COC(=O)NC(C)c1nc(-c2ccc(Oc3ccc(OCc4ccccc4)cc3)cc2)no1,-2.462397997898956
CCC(NC(C)=O)c1nc(-c2ccc(Oc3ccc(OCc4ccccc4)cc3)cc2)no1,-2.041392685158225
CCCCCCCC/C=C\CCCCCCCC(=O)NCCO,-3.041392685158225
CC(C)(Oc1ccc(OCCc2ccc(/N=N/c3ccc(Br)cc3)cc2)cc1)C(=O)O,-3.041392685158225
CC(C)(Oc1ccc(OCCc2ccc(/N=N/c3ccccc3)cc2)cc1)C(=O)O,-3.4471580313422194
COc1ccc(/N=N/c2ccc(OCCc3ccc(OC(C)(C)C(=O)O)cc3)cc2)cc1,-3.146128035678238
CC(C)(Oc1ccc(CCOc2ccc(/N=N/c3ccc([N+](=O)[O-])cc3)cc2)cc1)C(=O)O,-3.612783856719736
CC(C)(Oc1ccc(CCOc2ccc(/N=N/c3ccc(C#N)cc3)cc2)cc1)C(=O)O,-3.812913356642856
CC(C)(Oc1ccc(CCOc2ccc(/N=N/c3ccc(Br)cc3)cc2)cc1)C(=O)O,-3.591064607026499
CC(C)(Oc1ccc(CCOc2ccc(/N=N/c3ccc(Cl)cc3)cc2)cc1)C(=O)O,-3.4913616938342726
CC(C)(Oc1ccc(CCOc2ccc(/N=N/c3ccccc3)cc2)cc1)C(=O)O,-3.806179973983887
CC(C)(Oc1ccc(OCCc2ccc(/N=N/c3ccc(C#N)cc3)cc2)cc1)C(=O)O,-3.4471580313422194
CC(C)(Oc1ccc(OCCc2ccc(/N=N/c3ccc([N+](=O)[O-])cc3)cc2)cc1)C(=O)O,-3.361727836017593
C/C(=C\COc1ccccc1Cc1sc(C)nc1-c1ccc2oc(C)cc2c1)CCC(=O)O,-1.4727564493172125
Cc1nc(-c2cc(F)c(-c3ccco3)c(F)c2)c(Cc2ccccc2OCCC[C@@H](C)CC(=O)O)s1,-0.3010299956639812
C/C(=C\COc1ccccc1Cc1c(C)cnn1-c1ccc(C(F)(F)F)cc1)CCC(=O)O,-1.0492180226701815
Cc1cc2cc(-c3ncc(C)n3Cc3ccccc3OCCCCCC(=O)O)ccc2o1,-0.5910646070264992
Cc1cnc(-c2ccc(C#N)cc2)n1Cc1ccccc1OCCC[C@@H](C)CC(=O)O,-0.6627578316815741
C[C@H](CCCOc1ccccc1Cn1c(C(F)(F)F)cnc1-c1ccc(OC(F)(F)F)cc1)CC(=O)O,-0.414973347970818
C[C@H](CCCOc1ccccc1Cn1c(C#N)cnc1-c1ccc(C(F)(F)F)cc1)CC(=O)O,-0.4313637641589873
C[C@H](CCCOc1ccccc1Cn1c(C(F)(F)F)cnc1-c1ccc(C#N)cc1)CC(=O)O,-0.9138138523837168
C[C@H](CCCOc1ccccc1Cn1c(C(F)(F)F)cnc1-c1ccc(-c2ccco2)cc1)CC(=O)O,0.1549019599857432
Cc1cccc(OCCNC(=O)COc2ccc(CC(=O)O)cc2)c1,-0.6020599913279624
Cc1cc(SC[C@@H]2N=C(c3ccc(C(F)(F)F)cc3)S[C@@H]2C)ccc1OCC(=O)O,-0.7923916894982539
CC(C)c1onc(-c2ccccc2)c1COc1ccc(CCCC(=O)O)cc1,-2.9542425094393248
CC(C)c1onc(-c2ccccc2)c1COc1ccc(COc2ccc(CC(=O)O)cc2)cc1,-3.633468455579586
CC(C)c1onc(-c2ccccc2)c1COc1ccc(COc2ccc(CCC(=O)O)cc2)cc1,-4.041392685158225
CC(C)c1onc(-c2ccccc2Cl)c1COc1ccc(CCCC(=O)O)cc1,-2.903089986991944
CC(C)c1onc(-c2c(Cl)cccc2Cl)c1COc1ccc(CCCC(=O)O)cc1,-2.845098040014257
CC(C)c1onc(-c2ccccc2Cl)c1COc1ccc(COc2ccc(CC(=O)O)cc2)cc1,-3.3010299956639813
CC(C)c1onc(-c2c(Cl)cccc2Cl)c1COc1ccc(COc2ccc(CC(=O)O)cc2)cc1,-3.4913616938342726
CC(C)c1onc(-c2c(Cl)cccc2Cl)c1COc1ccc(CNc2ccc(CC(=O)O)cc2)cc1,-3.5563025007672877
Cc1cc(NCc2ccc(OCc3c(-c4c(Cl)cccc4Cl)noc3C(C)C)cc2)ccc1CC(=O)O,-3.9542425094393248
