Cc1ncc([N+](=O)[O-])n1CCOC(=O)/C=C/c1ccccc1Br,4.348
O=C(Nc1ccccc1)N(Cc1ccc(O)cc1)Cc1cc(Cl)cc(Cl)c1O,5.656
CC(Nc1c(Nc2ccncc2)c(=O)c1=O)C(C)(C)C,5.8
COc1cc2c(Nc3ccc(-c4nc5ccccc5s4)c(O)c3)ncnc2cc1OCCCN1CCN(C)CC1,6.108
c1cc2cc(-c3ccc4cn[nH]c4c3)cnc2[nH]1,5.8
C=C(CN(C)C)C(=O)Nc1cc2c(Nc3ccc(OCc4ccccc4)c(Cl)c3)c(C#N)cnc2cc1OCC,6.609
O=C(C#CCCN1CCOCC1)Nc1ccc2ncnc(Nc3ccc(F)c(Cl)c3)c2c1,8.379
N#C/C(=C\c1ccc(O)c(O)c1)C(N)=O,5.192
Fc1cccc(COc2ccc(Nc3ncnc4cc(-c5cccs5)sc34)cc2Cl)c1,6.947
OC1CCC(Nc2nc(Cl)cc(-c3c[nH]c4ncccc34)n2)CC1,5.8
COc1ccc(C2CC(c3ccc(F)cc3)=NN2C2=NC(=O)CS2)cc1,4.906
CCOC(=O)c1[nH]c(C)c2cnnc(Nc3ccc(OCc4cccc(F)c4)c(Cl)c3)c12,6.03
CCOC(=O)c1cn2ncnc(Nc3cccc(Br)c3)c2c1CC,5.523
COc1cc(Nc2c(C#N)cnc3cc4cc(OCCN5CCOCC5)c(OC)cc4cc23)c(Cl)cc1Cl,5.602
COC[C@H]1CCCN1C/C=C/C(=O)Nc1ccc2ncnc(Nc3cccc(Br)c3)c2c1,6.135
CN1C(=O)/C(=C\c2ccc(Br)cc2)c2ccccc21,4.648
CSCC[C@H](NC(=O)[C@H](Cc1ccc(O)cc1)NC(=O)[C@@H]1CSSC[C@H](NC(=O)[C@@H](N)Cc2ccccc2)C(=O)N[C@@H](CC(=O)O)C(=O)NCC(=O)N[C@@H](Cc2ccccc2)C(=O)N[C@@H](Cc2ccc(O)cc2)C(=O)N[C@@H](C)C(=O)N1)C(=O)N[C@@H](CC(=O)O)C(=O)N[C@H](C(=O)N[C@@H](CCCCN)C(N)=O)C(C)C,6.081
Cc1cccc(CN(Cc2ccc(F)cc2)C(=O)Nc2ccccc2)c1O,4.418
CCOC(=O)O[C@H]1CN[C@H](C#Cc2cc3ncnc(Nc4ccc(OCc5cccc(F)c5)c(Cl)c4)c3s2)C1,6.87
O=c1c(NCc2ccc(Cl)c(Cl)c2)c(Nc2ccncc2)c1=O,5.8
CN1CCN(c2cccc(Nc3nccc(-c4c(C(N)=O)nc5ccccn45)n3)c2)CC1,5.8
O=c1[nH]cc(I)c2nc(-c3cccc(Cl)c3)cn12,5.8
C=CC(=O)Nc1cc2c(Nc3ccc(F)c(Br)c3)ncnc2cc1OCCCN1CCOCC1,8.086
CN1CCC(N2CCC(n3nc(-c4ccc(Nc5nc6cccc(Cl)c6o5)cc4)c4c(N)ncnc43)CC2)CC1,7.839
COc1ccc(CC(=O)NS(=O)(=O)c2ccc(Br)cc2)cc1,4.602
COc1cc(Nc2c(C#N)cnc3cc4[nH]cnc4cc23)c(Br)cc1Cl,6.0
Fc1cccc(COc2ccc(Nc3ncnc4sc(-c5ccc(CNCc6ccccc6)o5)cc34)cc2Cl)c1,6.047
CCCC(=O)Nc1n[nH]c2nc3ccccc3cc12,5.8
COc1cc(ON2CCC(C)CC2)c2c(Nc3ccc(OCc4ccccn4)c(Cl)c3)ncnc2c1,8.301
O=c1[nH]sc2c1c(=O)c1cc(F)c(NCc3ccccc3)c(F)c1n2C1CC1,5.8
O=C1NC(=S)SC1=C1C(=O)Nc2ccc(Br)cc21,5.8
c1ccc(Cc2nc3cc(Nc4ncnc5nn6ccccc6c45)ccc3[nH]2)cc1,5.801
O=C(Nc1cnccn1)Nc1ccnc2cc(C(F)(F)F)ccc12,5.8
c1ccc(CNc2cc(-c3c[nH]c4ncccc34)ncn2)cc1,5.8
c1ccc2c(-c3cnc4[nH]nc(-c5nc6cc(N7CCOCC7)ccc6[nH]5)c4c3)cncc2c1,4.0
NC(COc1cncc(C=Cc2ccncc2)c1)Cc1c[nH]c2ccccc12,5.8
CCCCn1c(Cc2cc(OC)c(OC)c(OC)c2)nc2c(N)ncnc21,4.398
O=C(Cc1ccc(Br)cc1)NS(=O)(=O)c1ccc(F)cc1,4.789
COc1cc(O)c2c(c1)CCC[C@H](O)[C@H](O)C(=O)/C=C\C[C@H](C)OC2=O,5.0
Clc1cc(-c2c[nH]c3ncccc23)cc(NCc2ccccc2)n1,5.8
CNc1cc2c(Nc3ccc(Oc4ccc(C(=O)NCC(C)(C)C)cc4)c(C)c3)ncnc2cn1,7.705
Clc1cc(Nc2ncnc3cc[nH]c23)ccc1Oc1ccccc1,7.796
Cc1cc(Nc2ccc(OCc3cccc(F)c3)c(Cl)c2)ncn1,5.187
O=c1[nH]c2cc(-c3ccccc3)cnc2[nH]1,5.8
CCOc1cc2ncc(C#N)c(Nc3ccc(OCc4ccccc4Cl)c(Cl)c3)c2cc1NC(=O)/C=C/CN(C)C,8.0
CCOc1cc2ncc(C#N)c(Nc3ccc(OCc4ccccc4)c(Cl)c3)c2cc1NC(=O)/C=C/CN1CCC(O)CC1,6.772
O=C(Nc1ccc([N+](=O)[O-])cc1)c1ccc(N(CCCl)CCCl)cc1,4.566
CCOc1cc2ncc(C#N)c(Nc3ccc(OCc4ccccc4)c(Cl)c3)c2cc1NC(=O)/C=C/CN1CCCCC1,7.602
CC(C)COC(=O)Nc1ccc(-c2cnc3c(-c4ccc(N5CCN(C)CC5)cc4)cnn3c2N)cc1,5.0
O=C1CSC(N/N=C/c2ccc(Cl)cc2)=N1,5.561
O=C1CSC(N2N=C(c3ccccc3)CC2c2ccccc2)=N1,5.291
CCC1=C2C(Nc3ccc4c(cnn4Cc4ccccc4)c3)=NC=NC2N=C1NC(=O)OCCN1CCCCC1,7.553
CNC(=O)C=Cc1cnc(N)c2c(-c3ccc4sc(C)nc4c3)csc12,5.8
Nc1ncnc2nn3ccccc3c12,5.0
Cc1ccc(NC(=O)Nc2ccc(NC(=O)c3csc4ncnc(N)c34)cc2)cc1,5.8
O=C(NCCc1ccc(O)c(Br)c1)/C(Cc1cc(Br)c(O)c(-c2cc(C/C(=N/O)C(=O)NCCc3ccc(O)c(Br)c3)cc(Br)c2O)c1)=N\O,5.678
O=C(Nc1ccc(-c2cccc3sncc23)cc1)Nc1ccc(F)c(C(F)(F)F)c1,5.8
O=[N+]([O-])c1cccc(Oc2cc(Nc3ccc(OCc4cccc(F)c4)c(Cl)c3)ncn2)c1,5.616
Cc1cc(Nc2ncnc3[nH]nc(OCCN4CCC(O)CC4)c23)ccc1OCc1cccc(F)c1,6.971
CN1C[C@@H](OC(=O)N2CCCCCC2)C[C@H](C(=O)NO)[C@H]1C(=O)N1CCN(c2ccccc2)CC1,8.357
CCCCn1c(Cc2cc(OC)ccc2I)nc2c(N)ncnc21,5.301
CN[C@@H]1CC2O[C@@](C)([C@@H]1OC)n1c3ccccc3c3c4c(c5c6ccccc6n2c5c31)C(=O)NC4,5.0
N#C/C(=C\c1ccc(O)c(O)c1)C(=O)c1cccs1,4.458
CCOc1cc2ncc(C#N)c(Nc3ccc(OCc4ccc(F)cc4)c(Cl)c3)c2cc1NC(=O)/C=C/CN(C)C,7.108
Cc1nccn2c(-c3ccnc(NCC(C)(C)CO)n3)c(-c3ccc(F)cc3)nc12,5.8
Nc1n[nH]c2cccc(-c3ccc(NC(=O)Nc4ccccc4)cc3)c12,5.8
CC#CC(=O)Nc1ccc2ncc(C#N)c(Nc3cccc(Br)c3)c2c1,5.412
CCOCc1cn2ncnc(Nc3ccc4c(cnn4Cc4ccccc4)c3)c2c1CC,5.854
OCCOc1n[nH]c2ncnc(Nc3ccc(OCc4ccccn4)c(Cl)c3)c12,8.398
COC(=O)C1=Cc2c(ncnc2Nc2ccc(Oc3cccc(C(F)(F)F)c3)c(Cl)c2)NCC1,7.0
CCN1CCN(c2ccc(Nc3nccc(-c4c(-c5cccc(C(=O)Nc6ccccc6F)c5)nc5ccccn45)n3)cc2)CC1,8.0
Cc1cccc(C)c1NC(=O)/C(C#N)=C/c1ccc(O)c(O)c1,4.47
N#Cc1ncc2nc1OCCCCCOc1cc(CCCO)c(Cl)cc1NC(=O)N2,5.4
COc1ccc(C(=O)N2c3ccccc3Sc3c(Cl)cncc32)cc1,5.8
Fc1cccc(COc2ccc(Nc3cc(N4CCCC4)ncn3)cc2Cl)c1,4.0
COc1cc2ncnc(Nc3ccc(OC4CCN(C(=O)CC(C)(C)C)CC4)c(C)c3)c2cc1OC,7.06
CSc1c[nH]c2ncnc(NCCCO)c12,5.8
CN1CCC(Oc2cccc3ncnc(Nc4ccc(OCc5ccccn5)cc4)c23)CC1,7.155
O=C(O[C@H]1CN[C@H](C#Cc2cc3ncnc(Nc4ccc5c(cnn5Cc5cccc(F)c5)c4)c3s2)C1)N1CCOCC1,7.523
CCOC(=O)c1cc2c(Nc3ccc4c(cnn4Cc4ccccc4)c3)ncnn2c1,6.409
C#Cc1cccc(Nc2ncnc3c2/C(=C/c2[nH]c(C(=O)NCCN4CCOCC4)cc2C)C(=O)N3)c1,6.301
COCc1ccn2ncnc(Nc3ccc4c(cnn4Cc4cccc(F)c4)c3)c12,6.377
CCCN(CCC)C(=O)c1ccc(N(CCCl)CCCl)cc1,4.402
COCC(=O)NCC#Cc1ccc2ncnc(Nc3ccc(OC4CCN(C(=O)COC)CC4)c(C)c3)c2c1,5.0
Fc1ccc(C2=NN(c3ccccc3)C(c3cccc4ccccc34)C2)cc1,5.445
c1ccc2c(c1)nnn2Cc1cn(-c2ccc3[nH]ncc3c2)nn1,5.8
OCCN1CCN(CCCN2c3ccccc3Sc3ccc(C(F)(F)F)cc32)CC1,4.708
Cc1ccc(F)c(NC(=O)Nc2ccc(-c3cncc4c3c(N)nn4C)cc2)c1,5.8
c1cc2c(s1)CCc1cn[nH]c1-2,4.8
CCOc1cc2ncc(C#N)c(Nc3ccc4c(ccn4Cc4ccccc4)c3)c2cc1NC(=O)/C=C/CN(C)C,7.824
C=CC(=O)Nc1nc2c(Nc3ccc(F)c(Cl)c3)ncnc2cc1OC,6.903
Cc1cc(C)c(/C=C2\C(=O)Nc3ccccc32)[nH]1,4.0
CCN1CCN(CC#CC(=O)Nc2ccc3ncnc(Nc4cccc(Br)c4)c3c2)CC1,6.738
c1ccc2sc(-c3ccc(Nc4ncnc5[nH]ccc45)cc3)nc2c1,5.509
CCCCN(Cc1cc(Br)cc(Br)c1O)C(=S)Nc1ccccc1,4.301
Cc1nc(COc2ccccc2Cl)sc1-c1ccnc(N)n1,5.8
Cc1ccc(Oc2ccc(Nc3ncnc4cccc(O[C@H](C)C(=O)N(C)CCO)c34)cc2C)cn1,7.161
c1ccc(-c2n[nH]c3c2oc2ccccc23)cc1,5.0
O=C(O)c1cc(-c2cccs2)n2nccc2n1,4.8
C#Cc1cccc(Nc2c(C#N)cnc3cc(OCCOC)c(OCCOC)cc23)c1,4.93
Cc1cc(OC2CCCC2)c(NC(=O)Nc2cnc(C#N)cn2)cc1Cl,5.8
O=C1CSC(N2N=C(c3ccc(Br)cc3)CC2c2ccc(Cl)cc2)=N1,5.231
O=C1CSC(N/N=C/c2ccc(F)cc2)=N1,5.41
O=C(Nc1ccccc1)N(Cc1ccc(F)cc1)Cc1cccc(Br)c1O,5.287
Cc1ncnc(Nc2ccc(OCc3cccc(F)c3)c(Cl)c2)c1/C=C/c1ccc(CN2CCOCC2)cc1,6.721
COc1ccc(OCC(=O)Nc2cccc(Oc3cc(Nc4ccc(OCc5cccc(F)c5)c(Cl)c4)ncn3)c2)cc1OC,5.0
O=C(Nc1ccccc1)N(Cc1ccc(O)cc1)Cc1cccc(Br)c1O,5.575
Fc1cccc(COc2ccc(Nc3ncncc3C#Cc3ccccn3)cc2Cl)c1,7.26
[O-][S+]1CCN(Cc2ccc(-c3ccc4ncnc(Nc5ccc(OCc6ccccc6)c(Cl)c5)c4c3)o2)CC1,7.638
CC(C)(C)C(=O)NCCn1ccc2ncnc(Nc3ccc(Oc4cccc5sncc45)c(Cl)c3)c21.CS(=O)(=O)O,8.215
CC(C)N1CCN([C@H]2CC[C@H](n3nc(-c4ccc(Nc5nc6cccc(Cl)c6o5)cc4)c4c(N)ncnc43)CC2)CC1,8.009
O=C(NCCCl)Nc1ccc2ncnc(Nc3cccc(Br)c3)c2c1,5.752
Cc1cc(C(=O)N2CCN(C)CC2)[nH]c1/C=C1\C(=O)Nc2ncnc(Nc3ccc(F)c(Cl)c3)c21,6.566
Cn1cc(Cl)c(/C=C2\C(=O)Nc3ccccc32)n1,4.0
CN(C)c1ccc(/C=C2\C(=O)Nc3cc(F)ccc32)cc1,4.0
C#CC(=O)Nc1cc2c(Nc3cccc(Br)c3)ncnc2cn1,8.62
Cc1cc(C)c(/C=C2\C(=O)Nc3ncnc(Nc4ccc(F)c(Cl)c4)c32)[nH]1,5.602
CN1CCN(Cc2ccc(-c3cc4ncnc(Nc5ccc(OCc6cccc(F)c6)c(Cl)c5)c4s3)o2)CC1,6.602
COC(=O)c1c(N)ncnc1Nc1ccc(OCc2ccccc2)c(Cl)c1,7.0
N#Cc1ccccc1Oc1ccc(Nc2ncnc3cc[nH]c23)cc1Cl,8.097
CCc1c(NC(=O)OCc2ccccc2)cn2ncnc(Nc3ccc4c(cnn4Cc4ccccc4)c3)c12,6.77
CC(=O)NCc1cccc(C#Cc2cncnc2Nc2ccc(OCc3cccc(F)c3)c(Cl)c2)c1,7.284
CN1C[C@@H](OC(=O)N2CC=CC2)C[C@H](C(=O)NO)[C@H]1C(=O)N1CCN(c2ccccc2)CC1,8.42
O=C(O[C@H]1CN[C@H](C#Cc2cc3ncnc(Nc4ccc5c(cnn5S(=O)(=O)c5cccc(F)c5)c4)c3s2)C1)N1CCOCC1,7.071
O=CN1CCN(c2ccc(/C=C3\C(=O)Nc4ccccc43)cc2)CC1,4.045
COc1cc2ncc(C#N)c(Nc3ccc(Sc4ncccn4)c(Cl)c3)c2cc1NC(=O)/C=C/CN(C)C,6.458
CS(=O)(=O)CCNCc1ccc(-c2cc3ncnc(Nc4ccc(OCc5cccc(F)c5)c(Cl)c4)c3s2)[nH]1,6.657
O=C(/C=C/Cn1cccn1)Nc1ccc2ncnc(Nc3cccc(Br)c3)c2c1,4.806
O=C(NO)[C@H]1C[C@H](CC(=O)N2CCCCC2)CC[C@@H]1C(=O)N1CCN(c2ccccc2)CC1,6.77
O=C(NO)[C@H]1CC2(CC2)CN[C@@H]1C(=O)N1CCN(c2ccccc2)CC1,7.284
CCc1c(/C=C2\C(=O)Nc3ccccc32)[nH]c(C)c1C,4.0
CCc1nc(-c2cccc(C)c2)c(-c2ccnc(NC(=O)c3ccccc3)c2)s1,6.0
COCc1cccc2[nH]c(-c3n[nH]c4ncc(-c5cccnc5)cc34)nc12,4.0
COc1cc(/C=C(\C#N)C(N)=O)cc(CSc2ccc(C)cc2)c1O,5.78
C=CC(=O)Nc1ccc2ncnc(Nc3ccc(F)c(Cl)c3)c2c1,8.367
Nc1nccc2scc(-c3ccc(NC(=O)Nc4cccc(Br)c4)cc3)c12,5.8
COc1cc2ncnc(Nc3ccc(-c4nc5cc(Cl)ccc5s4)cc3)c2cc1OCCCN1CCN(C)CC1,5.0
Clc1ccc(COC(Cn2ccnc2)c2ccc(Cl)cc2Cl)c(Cl)c1,4.562
Cc1nc2c(sc3c(Br)ccc(Cl)c32)c(=O)o1,5.8
O=C(CCCC(=O)Oc1ccc(/C=C/[N+](=O)[O-])cc1)OCc1ccco1,5.42
N#C/C(=C\c1ccc(O)c(O)c1)C(=O)Nc1cccc(C(F)(F)F)c1,4.796
CN(C)C/C=C/C(=O)Nc1ccc2ncnc(Nc3cc(Cl)c(Cl)cc3F)c2c1,7.301
CN1CCN(CCC#CC(=O)Nc2cc3c(Nc4ccc(F)c(Cl)c4)ncnc3cn2)CC1,9.097
C[C@]1(O)C[C@@H](c2nc(-c3ccc4ccc(-c5ccccc5)nc4c3)c3c(N)nccn32)C1,5.0
COc1cc(C2=C(c3c[nH]c4ccc(F)cc34)C(=O)NC2=O)cc(OC)c1OC,5.072
CCO[C@H]1CN[C@H](C#Cc2cc3ncnc(Nc4ccc(OCc5cccc(F)c5)c(Cl)c4)c3s2)C1,7.009
CN(C)C1CCN(Cc2ccn3ncnc(Nc4ccc5c(cnn5Cc5cccc(F)c5)c4)c23)CC1,6.959
COc1cc2ncc(C#N)c(Nc3ccc(Cc4nc(-c5ccccc5)cs4)c(Cl)c3)c2cc1NC(=O)/C=C/CN(C)C,7.131
CCOc1cc2ncc(C#N)c(Nc3ccc(OCc4ccccc4)c(Cl)c3)c2cc1NC(=O)/C=C/CN1CCN(C)CC1,6.268
COc1ccc(C2=NN(C3=NC(=O)CS3)C(c3ccc(OC)cc3)C2)cc1,4.98
CC1(C)CC2=Nc3ccccc3NC(c3cccc(O)c3O)C2=C(O)C1,4.215
CCOc1cc2ncc(C#N)c(Nc3ccc(OCc4ccccc4)c(Cl)c3)c2cc1NC(=O)/C=C/CN1CCOCC1,7.229
COC1=CC(=O)C=C(/C=C2\CCCC3CCCCC23)C1=O,4.0
CC(C)(C)NC(=O)c1cccc(Oc2ccc(Nc3ncnc4ccn(CCO)c34)cc2Cl)c1,8.638
Clc1ccc(C2=NN(c3ccccc3)C(c3cccc4ccccc34)C2)cc1Cl,5.703
O[C@H]1CN[C@H](C#Cc2cc3ncnc(Nc4ccc(OCc5cccc(F)c5)c(Cl)c4)c3s2)C1,7.959
CCCS(=O)(=O)Nc1ccc(-c2ccc3[nH]nc(NC(=O)CC)c3c2)cc1,5.8
COc1ccc(C2CC(c3ccc(Cl)cc3)=NN2C2=NC(=O)CS2)cc1,4.985
O=C(c1ccc(/C=C/c2n[nH]c3ccccc23)cc1)N1CCNCC1,5.0
CNc1ncnc2c1N=C(c1ccc(NC(=O)Nc3cccc(C(F)(F)F)c3)cc1)CCN2,5.8
CSc1ccccc1CNc1ncc([N+](=O)[O-])c(NCC2CCC(CN)CC2)n1,5.8
CS(=O)(=O)CCNCc1ccc(-c2ccc3ncnc(Nc4ccc(OCc5cccc(F)c5)c(Cl)c4)c3c2)o1,7.442
COC1=CC(=O)C=CC1=O,4.538
O=c1c(NCc2ccc(Cl)cc2)c(Nc2ccncc2)c1=O,5.8
Fc1cccc(COc2ccc(Nc3ncnc4sc(-c5ccco5)cc34)cc2Cl)c1,7.854
O=C1CSC(N/N=C/c2cccc(O)c2)=N1,4.555
Cc1cccc(NC(=O)Nc2ccc(-c3csc4c(C#CCN5CCCC5)cnc(N)c34)cc2)c1,5.8
COc1c(Cl)cc2c([nH]c3cnccc32)c1NC(=O)c1cccnc1C,5.0
O=C(C#CCN1CCOCC1)Nc1ccc2ncnc(Nc3cccc(Br)c3)c2c1,7.276
Cc1cccc(NC(=O)Nc2ccc(-c3cncc4c3c(N)nn4C)cc2)c1,5.8
COc1cc2c(Nc3ccc(-c4nc5ccccc5s4)cc3)ncnc2cc1OCCCN1CCN(C)CC1,7.0
NC(COc1cncc(C=Cc2ccncc2)c1)Cc1ccccc1,5.8
COc1cc(O)c2c(c1)CCC[C@H](O)CC(=O)/C=C\C[C@H](C)OC2=O,5.0
CN(c1ccc(F)c(NC(=O)c2cccc(OC(C)(C)C#N)c2Cl)c1)c1ccc2nc(NC(=O)C3CC3)sc2n1,5.921
COc1ccc(C2=NN(C3=NC(=O)CS3)C(c3ccc(F)cc3)C2)cc1,5.095
O=C1CNCCN(Cc2ccn3ncnc(Nc4ccc5c(cnn5Cc5cccc(F)c5)c4)c23)C1,7.409
Brc1ccc(C2=NN(c3ccccc3)C(c3cccc4ccccc34)C2)cc1,5.635
CC1=C(c2ccccc2)CCN(C(=O)[C@H]2NCC3(CC3)C[C@@H]2C(=O)NO)C1,6.0
C#Cc1cccc(Nc2ncnn3ccc(COC[C@@H]4CNCCO4)c23)c1,7.699
CCCCN(Cc1cccc(Cl)c1O)C(=O)Nc1ccccc1,4.301
NC(=S)N1N=C(c2ccc(Cl)cc2)CC1c1ccc2ccccc2c1,5.412
Cc1ccc(C(=O)Nc2c(C#N)sc3ccc(Cl)c(Cl)c23)cc1,5.8
N#C/C(=C\c1ccc(O)c(O)c1)C(=O)c1ccccc1,4.743
Nc1nccc2scc(-c3ccc(NC(=O)Nc4cccc(F)c4)cc3)c12,5.8
COc1cc2ncnc(Nc3ccc(-c4nc5ccccc5s4)c(F)c3)c2cc1OCCCN1CCN(C)CC1,5.0
N#Cc1n[nH]nc1-c1ccc(Oc2ccccc2)c(F)c1,4.78
Cc1cccc(NC(=O)Nc2ccc(-c3csc4c(C#CCN(C)C)cnc(N)c34)cc2)c1,5.8
CCOc1cc2ncc(C#N)c(Nc3ccc(Cn4ccnc4)c(Cl)c3)c2cc1NC(=O)/C=C/CN(C)C,5.977
Cc1cncc(Cn2ncc3cc(Nc4ncnn5ccc(CN6CCC(N)CC6)c45)ccc32)c1,7.886
O=C1CSC(NN=C2CCC2)=N1,4.301
COc1ccc(CC(=O)NS(=O)(=O)c2ccccc2)cc1,4.537
CO/N=C/c1c(N)ncnc1Nc1ccc2c(cnn2Cc2cccc(Cl)c2)c1,7.523
OCc1nc(C#Cc2cncnc2Nc2ccc(OCc3cccc(F)c3)c(Cl)c2)cs1,6.796
CC(=O)Nc1cccc(Oc2cc(Nc3ccc(OCc4cccc(F)c4)c(Cl)c3)ncn2)c1,6.87
Cc1cc(Nc2ncnc3cnc(N4CCOCC4)cc23)ccc1OC1CCN(C(=O)Nc2c(F)cccc2F)CC1,7.796
CC(C)(C)C(=O)Oc1ccc2c(c1)nc(NC(=O)c1cccc([N+](=O)[O-])c1)n2CCCO,5.8
CCc1cc(Nc2nccc(-c3c(-c4ccc(OC)c(C(=O)Nc5c(F)cccc5F)c4)nc4ccccn34)n2)c(OC)cc1N1CCC(N2CCN(S(C)(=O)=O)CC2)CC1,5.0
CS(=O)(=O)Nc1cccc(C#Cc2cncnc2Nc2ccc(OCc3cccc(F)c3)c(Cl)c2)c1,7.347
NCCCCOCc1ccn2ncnc(Nc3ccc4c(cnn4Cc4cccc(F)c4)c3)c12,6.886
COc1cc(OC)c2cc(-c3ccncc3)cnc2c1,5.0
Nc1n[nH]c2ccc(-c3nnn(Cc4ccccc4)c3-c3ccccc3)cc12,5.8
CCN1CCN(c2ccc(Nc3cc(N(C)C(=O)Nc4c(Cl)c(OC)cc(OC)c4Cl)ncn3)cc2)CC1.O=P(O)(O)O,5.0
O=C(NO)[C@H]1CC(CC(=O)N2CCCC2)CN[C@@H]1C(=O)N1CC[C@H](c2ccccc2)C1,8.252
N#Cc1cccc(Oc2ccc(Nc3ncnc4cc[nH]c34)cc2Cl)c1,8.086
O=C1CSC(N/N=C/c2cc(F)ccc2O)=N1,5.445
Cc1cc(C(=O)NCCN2CCOCC2)[nH]c1/C=C1\C(=O)Nc2ncnc(Nc3ccc(F)c(Cl)c3)c21,5.907
Cc1ncnc(Nc2ccc(OCc3cccc(F)c3)c(Cl)c2)c1/C=C(\F)C(=O)NCCS(C)(=O)=O,7.149
CS(=O)(=O)CCNCc1nc(-c2ccc3ncnc(Nc4ccc(OCc5cccc(F)c5)c(Cl)c4)c3c2)cs1,8.0
CCn1c(C)c(-c2ccnc(Nc3cccc(OC)c3)n2)sc1=O,5.8
NC1CCC(Nc2nccc(-c3c[nH]c4ncccc34)n2)CC1,5.8
c1ccc(Cn2cnc3ccc(Nc4ncnc5ccccc45)cc32)cc1,4.678
C=CS(=O)(=O)Nc1cc2c(Nc3ccc(OCc4ccccc4)c(Cl)c3)c(C#N)cnc2cc1OCC,7.215
O=C(CO)NC1CCN(Cc2ccn3ncnc(Nc4ccc5c(cnn5Cc5cccc(F)c5)c4)c23)CC1,6.921
COCC(=O)NCC#Cc1ccc2ncnc(Nc3ccc(OC4CCN(C(=O)C5CCCO5)CC4)c(C)c3)c2c1,5.538
COc1ccc(S(=O)(=O)N2CCCCC2C(=O)NO)cc1,6.174
Cc1ncnc(Nc2ccc(OCc3cccc(F)c3)c(Cl)c2)c1/C=C(\F)C(=O)NCCN1CCCC1,7.721
CS(=O)(=O)CCNCc1ccc(-c2ccc3ncnc(Nc4ccc(OCc5cccc(F)c5)c(Cl)c4)c3c2)o1.Cc1ccc(S(=O)(=O)O)cc1,8.301
O=C(CCCC(=O)Oc1ccc(/C=C/[N+](=O)[O-])cc1)Oc1ccccc1,5.357
Cc1cncc(COc2ccc(Nc3ncnn4ccc(CN5CCC(N)CC5)c34)cc2Cl)c1,7.222
O=C(NCc1ccccc1)Nc1ncc([N+](=O)[O-])s1,5.8
Cc1c(NC(=O)OC[C@@H]2COCCN2)cn2ncnc(Nc3ccc4c(cnn4Cc4cccc(F)c4)c3)c12,7.648
CCOC(=O)/C=C/C(=O)Nc1cccc(Oc2cc(Nc3ccc(OCc4cccc(F)c4)c(Cl)c3)ncn2)c1,6.708
C[C@@H](Oc1cccc2ncnc(Nc3ccc4c(cnn4Cc4ccccn4)c3)c12)C(N)=O,7.495
NC1CCCCC1Nc1nccc(-c2c[nH]c3ncccc23)n1,5.8
O=C(NC(CO)Cc1ccccc1)c1ccc(-c2ccncc2)cc1F,5.8
Cc1cccc(NC(=O)Nc2ccc(-c3cccc4c3CNC4=O)cc2C)c1,5.8
Cc1ccc(-c2nn(C(C)(C)C)c3ncnc(N)c23)cc1,6.2
NCCCCCNC(=O)CC1CN[C@H](C(=O)N2CCC(c3ccccc3)C2)[C@@H](C(=O)NO)C1,6.79
COC1=CC(=O)C(N[C@@H](CO)C(=O)O)=CC1=O,4.0
OCCCNc1ncnc2[nH]cc(-c3ccccc3)c12,5.8
CCOC(=O)c1ccc2[nH]c3c(c2c1)CCNC3=O,5.8
C[C@H](Oc1cccc2ncnc(Nc3ccc4c(cnn4Cc4ccccn4)c3)c12)C(=O)N(C)C,7.097
O=C(Cc1ccc(Br)cc1)NS(=O)(=O)c1ccccc1,4.72
c1ccc(CNc2nc(-c3ccc4[nH]ncc4c3)cs2)cc1,5.8
COc1nccn2c(-c3ccnc(NCC(C)(C)CO)n3)c(-c3ccc(F)cc3)nc12,5.8
Cc1cc(C)cc(NC(=O)Nc2ccc(-c3cccc4c3CNC4=O)c(C(F)(F)F)c2)c1,5.8
CC(C)S(=O)(=O)n1c(N)nc2ccc(-c3c(-c4ccc(F)cc4)nc4sccn34)cc21,6.2
CCN1CCN(C(=O)/C(F)=C/c2c(C)ncnc2Nc2ccc(OCc3cccc(F)c3)c(Cl)c2)CC1,6.991
CCC1=C2C(Nc3ccc4c(cnn4Cc4ccccc4)c3)=NC=NC2N=C1NC(=O)OCCn1ccnc1,7.357
NCCCNS(=O)(=O)c1cccc(C(=O)Nc2ccc(-c3n[nH]c(=O)c4ccccc34)cc2)c1,5.8
Cc1cccc(NC(=O)Nc2ccc(-c3ccc4nccnc4c3N)cc2)c1,5.8
O=C(O[C@H]1CN[C@H](C#Cc2cc3ncnc(Nc4ccc5c(ccn5S(=O)(=O)c5ccsc5)c4)c3s2)C1)N1CCOCC1,6.921
Cc1ccc(NC(=O)Nc2ccc(-c3csc4c(-c5cnn(C)c5)cnc(N)c34)cc2)cc1,5.8
Cc1cc(NC(=O)CCNC(=O)Nc2nc(C)c(-c3ccc(-n4cccn4)cc3)s2)no1,5.8
CC(=O)Nc1cc(N)c(C#N)c(-c2ccsc2)n1,5.8
CN1C[C@@H](OC(=O)N2CCC2)C[C@H](C(=O)NO)[C@H]1C(=O)N1CCN(c2ccccc2)CC1,7.352
CCNCc1cncc(-c2cnc3[nH]nc(-c4nc5cc(F)ccc5[nH]4)c3c2)c1,5.291
Nc1nc(Nc2ccc(S(N)(=O)=O)cc2)nn1C(=O)c1c(F)cccc1F,5.0
NC1CCN(Cc2ccn3ncnc(Nc4ccc(OCc5cccnc5)c(Cl)c4)c23)CC1,7.444
Fc1ccc(-c2ncn(CCN3CCOCC3)c2-c2ccc3[nH]ncc3c2)cc1,6.6
CCOc1cc2ncc(C#N)c(Nc3ccc(N4CCOCC4)c(Cl)c3)c2cc1NC(=O)/C=C/CN(C)C,5.585
CCS(=O)(=O)CC(=O)NCCn1ccc2ncnc(Nc3ccc(Oc4cccc(C(F)(F)F)c4)c(Cl)c3)c21,8.071
Cc1n[nH]c2cnc(-c3cncc(OCC(N)Cc4cccc(C(F)(F)F)c4)c3)cc12,5.8
COCCOc1ccc2ncnc(Nc3ccc(OC4CCN(C(=O)CC(C)(C)C)CC4)c(C)c3)c2c1,6.921
COc1ccc(/C=C2\C(=O)Nc3ccccc32)cc1,4.0
CCCCCCCCCCCCNC(=O)c1ccc(N(CCCl)CCCl)cc1,4.301
CC(C)(C)Oc1cc(/C=C(\C#N)C(=N)S)cc(C(C)(C)C)c1O,6.0
O=C(Cc1ccccc1)Nc1cccc(-c2nc3sccn3c2-c2ccnc(Nc3ccc(N4CCOCC4)cc3)n2)c1,6.432
COc1cc(C2=C(c3cn(COc4ccccc4)c4ccccc34)CNC2=O)cc(OC)c1OC,4.432
CC(C)(O)Cc1nnc2ccc(-c3c(-c4ccc(F)cc4F)nc4occn34)nn12,6.0
Nc1ncnn2ccc(C(=O)Nc3ccc(NC(=O)Nc4cccc(F)c4)cc3)c12,5.8
Nc1ccccc1NC(=O)/C=C/c1cccc(-c2ccc3ncnc(Nc4ccc(OCc5cccc(F)c5)c(Cl)c4)c3c2)c1,7.854
CN1CCC(Oc2cccc3ncnc(Nc4ccc(OCc5ccccn5)c(Cl)c4)c23)CC1,7.215
CCCCN(CC#CC(=O)Nc1cc2c(Nc3ccc(F)c(Cl)c3)ncnc2cn1)CCCC,6.495
N#C/C(=C\c1ccc(O)c(O)c1)C(=O)NCc1ccccc1,4.87
O=C1CSC(N2N=C(c3ccc(Cl)cc3)CC2c2ccc(Br)cc2)=N1,5.416
NC(COc1cncc(-c2ccc3c(c2)CC(=O)N3)c1)Cc1c[nH]c2ccccc12,5.8
O=C(Nc1ccccc1Br)c1ccc(N(CCCl)CCCl)cc1,5.002
CCCCNC(=O)c1ccc(N(CCCl)CCCl)cc1,4.522
COc1cc(Nc2ncnc3ccsc23)ccc1-c1nc2ccccc2s1,5.0
Cc1ccc(S(=O)(=O)NC(=O)Cc2ccc(Cl)cc2)cc1,4.808
Clc1cc(Nc2ncnc3[nH]nc(OCCCN4CCOCC4)c23)ccc1OCc1ccccn1,6.357
COc1cc2ncc(C#N)c(Nc3ccc(F)c(Cl)c3)c2cc1NC(=O)/C=C/C(C)N(C)C,4.927
CCCCc1oc2ccccc2c1C(=O)c1cc(I)c(OCCN(CC)CC)c(I)c1,5.039
COCC(=O)NCC#Cc1ccc2ncnc(Nc3ccc(Oc4ccc(C(=O)N(C)C)cc4)c(C)c3)c2c1,5.0
Nc1nc2ccc(-c3c(-c4ccc(F)cc4)nc4sccn34)cc2n1CC1CC1,6.0
COc1ccc(/N=C/c2c(N)ncnc2Nc2ccc3c(cnn3Cc3cccc(F)c3)c2)cc1,5.889
Nc1cc2nc(-c3ccccc3)cn2cn1,4.8
Cc1c(C=O)c(O)n2c(nc3ccccc32)c1C#N,5.8
COc1cc2ncnc(Nc3ccc(F)c(Cl)c3)c2cc1OC,7.62
Nc1ncnc(Nc2ccc(OCc3ccccc3)c(Cl)c2)c1C(=O)NNC(=O)CCN1CCOCC1,5.244
CCN(CC)CC#CC(=O)Nc1ccc2ncnc(Nc3ccc(F)c(Cl)c3)c2c1,7.337
NC(=O)c1sc2c(Br)ccc(Cl)c2c1N,5.8
COc1cccc(/C=C/C(=O)OCCn2c([N+](=O)[O-])cnc2C)c1,4.725
CN1CCN(Cc2ccn3ncnc(Nc4ccc5c(cnn5Cc5cccc(F)c5)c4)c23)CC1,6.921
COc1cc2c(Nc3ccc(-c4nc5ccccc5s4)cc3OC(F)(F)F)ncnc2cc1OCCCN1CCN(C)CC1,5.0
Cc1cc(C(=O)O)[nH]c1/C=C1\C(=O)Nc2ncnc(Nc3ccc(F)c(Cl)c3)c21,4.307
CCC(=O)O[C@H]1CN[C@H](C#Cc2cc3ncnc(Nc4ccc(OCc5cccc(F)c5)c(Cl)c4)c3s2)C1,7.046
CCN1CCN(C(=O)c2cc(C)c(/C=C3\C(=O)Nc4ncnc(Nc5ccc(F)c(Cl)c5)c43)[nH]2)CC1,6.456
COc1cccc(C(CN)NC(=O)c2ccc(-c3ccncc3)cc2)c1,5.8
Cn1c2ccccc2c2c3c(c4c5ccccc5n(CCC#N)c4c21)CNC3=O,6.6
COc1cc(/C=C(\C#N)C(N)=O)cc(CSCc2ccccc2)c1O,5.0
O=C(Nc1nc2ccccc2n1CCCO)c1cccc([N+](=O)[O-])c1,5.8
N#C/C(=C\c1ccc(O)c(O)c1)C(=O)Nc1ccccc1Cl,4.242
O=S(=O)(CCOCc1ccc(-c2ccc3ncnc(Nc4ccc(OCc5cccc(F)c5)c(Cl)c4)c3c2)o1)c1ccccc1,7.553
Cc1ccc(C2=NN(c3ccccc3)C(c3ccc4ccccc4c3)C2)cc1,5.947
Cc1ccc(C2=NN(C3=NC(=O)CS3)C(c3ccc(Cl)cc3)C2)cc1,5.507
Cc1cc(C)cc(NC(=O)Nc2ccc(-c3c(C)sc4ncnc(N)c34)cc2)c1,5.8
COC(=O)c1cccc2[nH]c(-c3n[nH]c4ncc(-c5cncc6ccccc56)cc34)nc12,4.0
COc1ccccc1Cc1nc2ccc(-c3nn([C@H]4CC[C@H](N5CCOCC5)CC4)c4ncnc(N)c34)cc2[nH]1,7.276
O=C(/C=C/N1CCOCC1)Nc1ccc2ncnc(Nc3cccc(Br)c3)c2c1,5.379
C[C@H](Oc1cccc2ncnc(Nc3ccc4c(cnn4Cc4cccc(F)c4)c3)c12)C(=O)N(C)C,8.222
CCOc1cc2ncc(C#N)c(Nc3ccc(OCc4ccccc4)c(Cl)c3)c2cc1NC(=O)/C=C/CN(C(C)C)C(C)C,7.553
CCN1CCN(Cc2ccc(NC(=O)Nc3ccc(Oc4cc(NC)ncn4)cc3)cc2C(F)(F)F)CC1,5.0
O=C(Cc1ccccc1)Nc1cccc(-c2nc3sccn3c2-c2ccnc(Nc3ccc4c(c3)CCNC4)n2)c1,6.921
O=C1Nc2cc(CCOc3ccc(N4CCOCC4)cc3)ccc2Nc2cc(-c3cn(Cc4cc(F)c(F)c(F)c4)c4cnccc34)ccc21,5.8
CC(=O)NCCn1ccc2ncnc(Nc3ccc(Oc4cccc5sncc45)c(Cl)c3)c21,8.796
Cc1ncc([N+](=O)[O-])n1CC(=O)NS(=O)(=O)c1ccc(Br)cc1,5.445
CN1C[C@@H](OC(=O)N2CCCC2)C[C@H](C(=O)NO)[C@H]1C(=O)N1CCN(c2ccccc2)CC1,7.939
Nc1ncnc(Nc2cc(CNC(=O)C(F)(F)F)c(O)c(-c3ccc(Cl)cc3)c2)n1,5.8
COCCOCC#CC(=O)Nc1ccc2ncc(C#N)c(Nc3cccc(Br)c3)c2c1,6.347
COCCN1CCC[C@@H]1C#Cc1cc2ncnc(Nc3ccc(OCc4cccc(F)c4)c(Cl)c3)c2s1,6.959
CCC1=C2C(Nc3ccc4c(cnn4Cc4ccccc4)c3)=NC=NC2N=C1NC(=O)OCC1CCCNC1,7.538
CNS(=O)(=O)c1ccccc1Nc1nc(Nc2cc(N3CCN(C(C)=O)CC3)ccc2OC)ncc1Br,6.6
COc1ccc(COc2ccc(Cc3cnc(N)nc3N)cc2OC)cc1,4.62
O=C(Nc1cccc(-c2nc3sccn3c2-c2ccnc(Nc3ccc4c(c3)CCNC4)n2)c1)c1c(F)cccc1F,8.143
COc1ccc(I)c(Sc2nc3c(N)ncnc3n2CCC=C(C)C)c1,6.432
CS(=O)(=O)CCNCc1ccc(-c2ccc3ncnc(Nc4ccc(OCc5ccccc5)c(Br)c4)c3c2)o1,7.602
NC(=O)c1ccc(-c2nc(-c3ccccn3)c(-c3ccc4c(c3)OCO4)[nH]2)cc1,5.0
N#Cc1ncc2nc1OCCCCOc1cc(NCc3cncs3)c(Cl)cc1NC(=O)N2,5.821
COc1ccc2c(NC(=O)Nc3cc(C(F)(F)F)ccn3)ccnc2c1,5.8
COc1cc2c(Nc3ccc(-c4nc5ccccc5s4)c(F)c3)ncnc2cc1OCCCN1CCN(C)CC1,6.523
CCn1c2cc(Cl)c(F)cc2c(=O)c2c(=O)o[nH]c21,5.8
Cc1cc(C)cc(NC(=O)Nc2ccc(-c3cccc4c3CNC4=O)c(C)c2)c1,5.8
O=C1CCCc2oc3cc(C(F)(F)F)ccc3c(=O)c21,5.8
NC1CCN(Cc2ccn3ncnc(Nc4ccc(OCc5cccc(F)c5)c(Cl)c4)c23)CC1,7.495
CCc1cc2c(cc1N1CCN(C3COC3)CC1)C(C)(C)c1[nH]c3cc(C#N)ccc3c1C2=O,4.301
CNC(=O)O[C@H]1CN[C@H](C#Cc2cc3ncnc(Nc4ccc(OCc5cccc(F)c5)c(Cl)c4)c3s2)C1,7.699
O=C(Nc1ccc(Cl)cc1)c1ccc(N(CCCl)CCCl)cc1,5.478
CCOc1cc2ncc(C#N)c(Nc3cccc(OCc4ccccc4)c3)c2cc1NC(=O)/C=C/CN(C)C,4.879
O=C(/C=C/CN1CCCCC1)Nc1ccc2ncnc(Nc3cccc(Br)c3)c2c1,5.807
COCCCN1CCN([C@H]2CC[C@H](n3nc(-c4ccc5nc(Cc6ccccc6OC)[nH]c5c4)c4c(N)ncnc43)CC2)CC1,7.148
COc1cc(Nc2ncnc3cccc(O[C@H](C)C(=O)N4CCOCC4)c23)ccc1Oc1ccc(C)nc1,7.638
N#Cc1n[nH]nc1-c1ccccc1,4.272
COc1cccc(Oc2ccc(Nc3ncnc4cc[nH]c34)cc2Cl)c1,7.585
COc1cc2ncc(C#N)c(Nc3ccc(-n4ccnc4)c(Cl)c3)c2cc1NC(=O)/C=C/CN(C)C,6.097
Cc1nccn2c(-c3ccnc(NCC(C)(C)CO)n3)c(-c3ccc(F)cc3F)nc12,5.8
CCCc1c(C(=O)OCC)cn2ncnc(Nc3ccc4c(cnn4Cc4ccccc4)c3)c12,5.921
Brc1ccc(C2=NN(c3nc(-c4ccc(Br)cc4)cs3)C(c3ccc4c(c3)OCO4)C2)cc1,6.745
CC(=O)N[C@@H](CS)C(=O)N[C@@H](CCC(N)=O)C(=O)N[C@@H](CCC(N)=O)C(=O)N[C@@H](Cc1cnc[nH]1)C(=O)N[C@@H](Cc1ccc(O)cc1)C(=O)N[C@H](C(=O)N[C@H](C(=O)N1CCC[C@H]1C(=O)N1CCC[C@H]1C(=O)N[C@H](C(=O)N[C@@H](Cc1ccccc1)C(=O)NCC(N)=O)[C@@H](C)O)[C@@H](C)O)[C@@H](C)O,6.759
Cc1nnc(-c2cn3ncnc(Nc4cnc5[nH]ccc5c4)c3c2C(C)C)o1,6.301
Cc1cccc(NC(=O)Nc2ccc(-c3cnc4c(-c5cnn(C)c5)cnn4c3N)cc2)c1,5.8
COc1ccc2c(c1)C(=Cc1c[nH]cn1)C(=O)N2,5.8
Oc1cc2c(cc1O)[C@@H]1c3ccc(O)c(O)c3OC[C@]1(O)C2,6.018
CC(C)Cn1c(N)nc2c(F)cc(-c3c(-c4ccc(F)cc4)nc4sccn34)cc21,6.3
NC1CCN(Cc2ccn3ncnc(Nc4ccc(OCc5cnccn5)c(Cl)c4)c23)CC1,7.585
COc1cc(C=C(C#N)c2nc3ccccc3[nH]2)c(Br)cc1O,5.8
Cc1c(O)ccc2c1CCCC2=NNC(=O)Cc1cccc2ccccc12,5.8
CCOc1nc(C(=O)NCc2ccccc2S(N)(=O)=O)cc(N)c1Cl,5.8
O=C(O)c1c2c(nc3ccccc13)C(=C1CCCC1)CC2,5.8
OCCCn1cnc(-c2ccc(F)cc2)c1-c1ccncc1,5.8
COc1cc(Oc2ccnc3cc(OC)c(OC)cc23)ccc1NC(=O)NC(C)c1nccs1,5.0
COc1cc(Nc2ncnc3ccc(-c4ccc(CNCCS(C)(=O)=O)o4)cc23)ccc1OCc1cccc(F)c1,7.046
CN(C)C(=O)O[C@@H]1CN[C@@H](C#Cc2cc3ncnc(Nc4ccc(OCc5cccc(F)c5)c(Cl)c4)c3s2)C1,7.461
Cc1cc2nc(CBr)c(-c3ccccc3)nc2cc1C,4.678
CCNC(=O)O[C@@H]1CN[C@@H](C#Cc2cc3ncnc(Nc4ccc(OCc5cccc(F)c5)c(Cl)c4)c3s2)C1,7.398
O=C(NO)[C@H]1CC(CC(=O)N2CCCC2)CN[C@@H]1C(=O)N1CC=C(c2ccccc2)CC1,8.367
CN(C(=O)C1CCCCC1)c1ccc2c(c1)nc(NC(=O)c1ccc(C#N)cc1)n2C,5.8
CCOC(=O)c1cn2ncnc(Nc3ccc4c(cnn4Cc4ccccc4)c3)c2c1C(C)C,6.678
COc1ccc(C2=NN(C3=NC(=O)CS3)C(c3ccc(C)cc3)C2)cc1,5.134
CCOc1nc(C(=O)NCc2cccnc2)cc(N)c1C#N,5.8
COc1cc2c(Nc3ccc(-c4nc5ccccc5s4)cc3C)ncnc2cc1OCCCN1CCN(C)CC1,6.31
c1ccc2c(c1)cc1ccc3cccc4ccc2c1c34,4.382
Cc1ccc(Oc2ccc(Nc3ncnc4cccc(O[C@@H](C)C(=O)N5CCOCC5)c34)cc2C)cn1,7.456
CCOc1cc2ncc(C#N)c(Nc3ccc(OCc4ccc(OCc5ccccc5)cc4)c(Cl)c3)c2cc1NC(=O)/C=C/CN(C)C,5.423
c1ccc(C2=NN(c3ccccc3)C(c3ccc4ccccc4c3)C2)cc1,5.724
O=C(Nc1cccc(-c2nc3sccn3c2-c2ccnc(Nc3ccccc3)n2)c1)c1ccccc1Cl,7.456
COc1ccc2ncnc(Nc3ccc(OC4CCN(C(=O)CC(C)(C)C)CC4)c(C)c3)c2c1,7.018
CCOc1cc2ncnc(NCc3ccc(F)cc3)c2cc1OCC.Cl,6.636
O=S1(=O)N=S(c2ccc(Br)cc2)c2ccc(NS(=O)(=O)c3ccccc3)cc21,4.398
CSc1ccc2nc3c(c(Cl)c2c1)CCNC3=O,5.8
O=C1NCc2ccc(Oc3ccc(Nc4ncnc5ccn(CCO)c45)cc3Cl)cc21,8.886
C=CC(=O)Nc1nc2c(Nc3ccc(F)c(Cl)c3)ncnc2cc1OCCCN1CCN(C)CC1,6.74
CC(C)Nc1c(-c2ccc3[nH]ncc3c2)nc2ncccn12,5.8
O=C(O[C@H]1CN[C@H](C#Cc2cc3ncnc(Nc4ccc5c(ccn5Cc5ccccc5)c4)c3s2)C1)N1CCOCC1,7.222
OC(COc1cncc(C=Cc2ccncc2)c1)Cc1c[nH]c2ccccc12,5.8
Cc1cccc(NC(=O)Nc2ccc(-c3csc4c(-c5cn[nH]c5)cnc(N)c34)cc2)c1,5.8
Clc1ccc(C2=NN(c3nc(-c4ccc(Br)cc4)cs3)C(c3ccc4c(c3)OCO4)C2)cc1,5.623
COCc1cccc2[nH]c(-c3n[nH]c4ncc(-c5cncc6ccccc56)cc34)nc12,7.071
CCc1c(C)[nH]c(/C=C2\C(=O)Nc3ccccc32)c1C,4.0
Cn1cc(-c2cnn3c(N)c(-c4ccc(NC(=O)Nc5cccc(C(F)(F)F)c5)cc4)cnc23)cn1,5.8
O=C(O[C@H]1CN[C@H](C#Cc2cc3ncnc(Nc4ccc5c(ccn5CCc5ccccc5)c4)c3s2)C1)N1CCOCC1,5.575
O=C(C#CCN1CCOCC1)Nc1ccc2ncnc(Nc3ccc(F)c(Cl)c3)c2c1,6.643
CCOc1cc2ncc(C#N)c(Nc3ccc(O[C@@H](C)c4ccccc4)c(Cl)c3)c2cc1NC(=O)/C=C/CN(C)C,4.585
COC[C@@H]1CCCN1C/C=C/C(=O)Nc1ccc2ncnc(Nc3cccc(Br)c3)c2c1,5.719
CCN(CC)CCOc1ccc(/C(=C(/Cl)c2ccccc2)c2ccccc2)cc1,5.778
Cc1ccc(NC(=O)Nc2ccc(-c3coc4ncnc(N)c34)cc2)cc1,5.8
O=C1Nc2cc(F)ccc2/C1=C/c1ccc[nH]1,4.0
CCOc1cc2ncc(C#N)c(Nc3ccc(OCc4cccc5ccccc45)c(Cl)c3)c2cc1NC(=O)/C=C/CN(C)C,7.699
c1ccc(Cn2ccc3cc(Nc4ncnc5ccccc45)ccc32)cc1,5.886
OC1CCN(Cc2ccn3ncnc(Nc4ccc5c(cnn5Cc5cccc(F)c5)c4)c23)CC1,7.201
C[C@@H](Oc1cccc2ncnc(Nc3ccc(OCc4ccccn4)c(Cl)c3)c12)C(=O)N(C)CCO,7.509
CCCCN(CC#CC(=O)Nc1ccc2ncnc(Nc3ccc(F)c(Cl)c3)c2c1)CCCC,6.333
CC1CCN(C(=O)CC#N)CC1N(C)c1ncnc2[nH]ccc12,5.8
CCOC(=O)c1cc2cc(Nc3ncnc4cc(OCCCN(CC)CC)c(OC)cc34)ccc2s1,5.64
NC(Cc1c[nH]c2ccccc12)C(=O)Nc1cncc(C=Cc2ccncc2)c1,5.8
COc1cc2c(N3CCN(C(=O)Nc4ccc(OC(C)C)cc4)CC3)ncnc2cc1OCCCN1CCCCC1,5.4
Cc1cccc(Nc2ncnn3ccc(CN4CCC(N)CC4)c23)c1,8.301
COc1cc2ncnc(Nc3ccc(-c4nc5ccccc5s4)cc3C)c2cc1OCCCN1CCN(C)CC1,5.229
COc1ccc2c(NC(=O)Nc3cccc(Br)n3)ccnc2c1,5.8
Cc1ncnc(Nc2ccc(OCc3cccc(F)c3)c(Cl)c2)c1/C=C(\F)C(=O)NCCN1CCOCC1,7.108
O=C(CC1CN[C@H](C(=O)N2CCC(c3ccccc3)C2)[C@@H](C(=O)NO)C1)NCCCCCNC(=O)OCc1ccccc1,6.863
COc1ccccc1Cc1nc2ccc(-c3nn([C@H]4CC[C@H](N5CCN(C(=O)N(C)C)CC5)CC4)c4ncnc(N)c34)cc2[nH]1,5.801
CSCC[C@H](NC(=O)[C@H](Cc1ccc(O)cc1)NC(=O)[C@@H]1CSSC[C@H](NC(=O)[C@@H](N)Cc2ccc(O)cc2)C(=O)N[C@@H](CC(=O)O)C(=O)NCC(=O)N[C@@H](Cc2ccccc2)C(=O)N[C@@H](Cc2ccc(O)cc2)C(=O)N[C@@H](C)C(=O)N1)C(=O)N[C@@H](CC(=O)O)C(=O)N[C@H](C(N)=O)C(C)C,6.824
COc1ccc(C2=NN(C(N)=S)C(c3ccc4ccccc4c3)C2)cc1,5.484
COc1cc(NC(=O)/C=C/CN2CCOCC2)cc2c(Nc3cccc(Br)c3)c(C#N)cnc12,4.627
COc1cc2ncc(C#N)c(Nc3ccc(NCNc4ccccc4)c(Cl)c3)c2cc1NC(=O)/C=C/CN(C)C,5.959
Cn1ncc2c(Oc3ccc(Nc4ncnc5ccn(CCO)c45)cc3Cl)cccc21,8.678
NC(=S)N1N=C(c2ccc(Cl)c(Cl)c2)CC1c1cccc2ccccc12,5.165
C=CC(=O)N1CCC[C@H]1C(=O)Nc1cc2c(Nc3ccc(F)c(Cl)c3F)ncnc2cc1OCCOC,7.745
CC[C@H](C)[C@H](NC(=O)[C@H](CCCNC(=N)N)NC(=O)[C@H](C)NC(C)=O)C(=O)N[C@@H](Cc1ccc(O)cc1)C(=O)N1CCC[C@H]1C(=O)N[C@H](C(=O)N[C@@H](CC(N)=O)C(=O)NCC(=O)N[C@@H](Cc1ccc(O)cc1)C(=O)N[C@H](C(=O)N[C@@H](CCCNC(=N)N)C(=O)N[C@@H](Cc1ccc(O)cc1)C(N)=O)[C@@H](C)O)[C@@H](C)O,6.35
COc1ccc2nc(-c3n[nH]cc3/C=C/c3cnccc3C)[nH]c2c1,5.0
N#Cc1ncc2nc1OCCCCCOc1cc(OCCO)c(Cl)cc1NC(=O)N2,5.8
COc1cc2c(Nc3ccc(-c4nc5ccc(F)cc5s4)cc3)ncnc2cc1OCCCN1CCN(C)CC1,5.158
C=CC(=O)Nc1nc2c(Nc3ccc(F)c(Cl)c3)ncnc2cc1CCCCN1CCOCC1,5.301
Cn1ccc2ncnc(Oc3ccc(NC(=O)Nc4cccc(C(F)(F)F)c4)c(F)c3)c21,5.0
COc1ccccc1Cc1nc2ccc(-c3nn([C@H]4CC[C@H](N5CCN(CC6CC6)CC5)CC4)c4ncnc(N)c34)cc2[nH]1,6.833
Cc1cc(Nc2nc3cccc(Cl)c3o2)ccc1-c1nn([C@H]2CC[C@H](N3CCN(C)CC3)CC2)c2ncnc(N)c12,6.321
Cn1cc(-c2cnc(N)c3c(-c4ccc(NC(=O)Nc5ccc(OC(F)F)cc5)cc4)csc23)cn1,5.8
Fc1cccc(COc2ccc(Nc3cc(-c4ccccc4)ncn3)cc2Cl)c1,5.201
Fc1cccc(COc2ccc(Nc3ncnc4cc(-c5ccc[nH]5)sc34)cc2Cl)c1,6.5
Cc1cc2nnc(SCc3cn4ccccc4n3)n2c2ccccc12,5.8
Cc1ncc([N+](=O)[O-])n1CCOC(=O)/C=C/c1ccc(Br)cc1,5.333
Cc1ncc([N+](=O)[O-])n1CCOC(=O)/C=C/c1ccccc1[N+](=O)[O-],4.398
Fc1cccc(COc2ccc(Nc3ncnc4sc(-c5cccs5)cc34)cc2Cl)c1,7.367
Oc1ccc(CN(Cc2cccc(Br)c2O)C(=S)Nc2ccccc2)cc1,6.18
CCCCN(Cc1cccc(Br)c1O)C(=S)Nc1ccccc1,4.403
NC(=O)c1cccc2[nH]c(-c3ccncc3)nc12,5.8
Nc1ncnc(Nc2ccc(OCc3ccccc3)c(Cl)c2)c1C(=O)OCc1cccc(F)c1,4.0
NC(=S)N1N=C(c2ccc(F)cc2)CC1c1ccc2ccccc2c1,5.757
CCc1ccc(/C=C2/C(=O)Nc3ccccc32)o1,4.0
O=C1CSC(NN=C2CCCCCC2)=N1,4.328
Cc1ncc([N+](=O)[O-])n1CCOC(=O)/C=C/c1ccc(C(C)C)cc1,5.001
C[C@H](CN(C)C(=O)CO)Oc1cccc2ncnc(Nc3ccc(OCc4ccccn4)c(Cl)c3)c12,7.959
O[C@@H]1CNCCN(Cc2ccn3ncnc(Nc4ccc5c(cnn5Cc5cccc(F)c5)c4)c23)C1,7.119
O=C(Nc1ccccc1F)c1ccc(N(CCCl)CCCl)cc1,4.813
CS(=O)(=O)NCCOc1cncc(-c2ccc3cnccc3c2)c1,5.8
CC(C)(CO)C(=O)NCCn1ccc2ncnc(Nc3ccc(Oc4cccc5sncc45)c(Cl)c3)c21,8.481
c1ccc(Cn2ncc3cc(Nc4ncnn5ccc(COC[C@@H]6CNCCO6)c45)ccc32)nc1,6.42
CC(C)c1cccc(C2CCN(C(=O)[C@H]3CC[C@H](CC(=O)N4CCCCC4)C[C@@H]3C(=O)NO)CC2)c1,7.174
COCC(=O)NCC#Cc1ccc2ncnc(Nc3ccc(Oc4ccc(C(=O)NC(C)(C)C)cc4)c(C)c3)c2c1,5.0
O=C1NCCc2[nH]c(-c3ccnc(C=Cc4ccccc4)c3)cc21,5.8
CNC(=O)c1cc(Oc2ccc(NC(=O)Nc3ccc(Cl)c(C(F)(F)F)c3)cc2)ccn1,5.4
CS(=O)(=O)N1CCC[C@@H]1C#Cc1cc2ncnc(Nc3ccc(OCc4cccc(F)c4)c(Cl)c3)c2s1,7.056
C=CC(=O)Nc1ccc2ncc(C#N)c(Nc3cccc(Br)c3)c2c1,5.788
Cc1cc(Nc2ncnc3ccc(OCCCN4CCOCC4)cc23)ccc1OC1CCN(C(=O)Nc2c(F)cccc2F)CC1,7.26
CN(C)c1cccc2c(S(=O)(=O)N(CCN)c3cncc(-c4ccc5cnccc5c4)c3)cccc12,5.8
CCOc1cc2ncc(C#N)c(Nc3ccc(Oc4ccncc4)c(Cl)c3)c2cc1NC(=O)/C=C/CN(C)C,5.092
Nc1ccccc1NC(=O)/C=C/c1ccc(-c2ccc3ncnc(Nc4ccc(OCc5cccc(F)c5)c(Cl)c4)c3c2)cc1,7.824
COc1cc2c(Nc3ccc(-c4nc5ccccc5s4)c(Cl)c3)ncnc2cc1OCCCN1CCN(C)CC1,7.42
O=C(O)c1ccccc1Nc1ccnc(Nc2cccc(O)c2)n1,5.8
O=C1CSC(N/N=C/c2cccc(Cl)c2)=N1,4.843
O=C(Nc1ccccc1)N(Cc1ccc(F)cc1)Cc1cc(Cl)cc(Cl)c1O,5.016
O=C1CSC(N/N=C/c2ccc([N+](=O)[O-])cc2)=N1,5.073
COc1cc(-c2ccc3c(c2)Nc2ccc(C(=O)NCc4cccc(F)c4)cc2NC3=O)ccc1O,5.9
O=C(NCCCl)Nc1ccc2ncnc(Nc3cccc(Cl)c3)c2c1,5.87
O=C(O[C@H]1CN[C@H](C#Cc2cc3ncnc(Nc4ccc(Sc5cccc(F)c5)c(Cl)c4)c3s2)C1)N1CCOCC1,6.097
Cn1ccnc1S(=O)(=O)CCNCc1ccc(-c2ccc3ncnc(Nc4ccc(OCc5cccc(F)c5)c(C(F)(F)F)c4)c3c2)o1,7.585
Nc1noc2cccc(-c3cccc(O)c3)c12,5.8
O=C(Nc1ccc(Br)cc1)c1cc(Br)cc(Br)c1O,5.224
Cc1ccc(S(=O)(=O)NC(=O)Cc2ccc(F)cc2)cc1,4.978
C#CCCCn1c(Sc2cc(OC)c(OC)c(OC)c2Cl)nc2c(N)nc(F)nc21,5.77
Cc1cc([N+](=O)[O-])ccc1C1=CCN(C(=O)[C@H]2NCC3(CC3)C[C@@H]2C(=O)NO)CC1,6.523
NC(=O)c1cc2c(-c3ccc(Br)c(F)c3F)cncc2s1,5.8
CCC1=C2C(Nc3ccc4c(cnn4Cc4ccccc4)c3)=NC=NC2N=C1NC(=O)OCC1CCCCN1,7.523
N#Cc1ccc(-c2n[nH]c3c2Cc2ccc(OCCCCN4CCOCC4)cc2-3)cn1,5.8
Cc1ncc([N+](=O)[O-])n1CC(=O)NS(=O)(=O)c1ccc(F)cc1,5.815
O=c1[nH]c2sccc2c2nc(-c3ccncc3)nn12,5.8
CCCS(=O)(=O)Nc1ccc(-c2ccc3[nH]nc(N)c3c2)cc1,5.8
Fc1cccc(COc2ccc(Nc3ncnc4cc[nH]c34)cc2Cl)c1,7.886
CCCS(=O)(=O)Nc1ccc(-c2ccc3[nH]nc(NC(C)=O)c3c2)cc1,5.8
Cc1ccc(/C=N/NC2=NC(=O)CS2)cc1,5.234
COc1ccc(C2=NN(C(=O)c3ccc(Cl)cc3O)C(c3ccc(Cl)cc3)C2)cc1,4.602
Nc1n[nH]c2ccc(-c3cn(Cc4ccccc4)nn3)cc12,5.8
O=C(O[C@H]1CN[C@H](C#Cc2cc3ncnc(Nc4ccc(OCc5cccc(F)c5)c(Cl)c4)c3s2)C1)N1CCOCC1,7.097
Cc1ccn2ncnc(Nc3ccc4c(cnn4Cc4ccccc4)c3)c12,6.959
Cc1ccc(Oc2ccc(Nc3ncnc4[nH]nc(OCCN5CCC(O)CC5)c34)cc2C)cn1,6.382
O=C(Nc1cccc(C(F)(F)F)n1)Nc1ccnc2c(Cl)cccc12,5.8
c1ccc(CNc2nc3ccc(-c4ccncc4)cc3s2)cc1,5.8
NC(=O)C1CCN(Cc2ccn3ncnc(Nc4ccc5c(cnn5Cc5cccc(F)c5)c4)c23)CC1,6.509
O=C(Cc1ccc(F)cc1)NS(=O)(=O)c1ccc(Cl)cc1,5.121
CN(C)CC(=O)NC(COc1cncc(-c2ccc3cnccc3c2)c1)Cc1c[nH]c2ccccc12,5.8
COCCCN1CCC(N2CCC(n3nc(-c4ccc(Nc5nc6cccc(Cl)c6o5)cc4)c4c(N)ncnc43)CC2)CC1,7.86
COc1ccc(/C=C2\C(=O)Nc3ccccc32)cc1C(C)(C)C,4.879
O=C1NCCc2ccc(O)c(c2)Oc2c(Br)cc(cc2Br)CCNC(=O)/C(=N/O)Cc2cc(Br)c(O)c(c2)Oc2c(Br)cc(cc2Br)C/C1=N\O,5.347
OCCOCCn1ccc2ncnc(Nc3ccc(Oc4cccc(C(F)(F)F)c4)c(Cl)c3)c21,8.292
CC(C)Cc1cc(-c2ccc3[nH]nc(N)c3c2)on1,5.8
Cc1ncnc(Nc2ccc(OCc3cccc(F)c3)c(Cl)c2)c1C#CCCN1CCOCC1,7.131
C#Cc1cccc(Nc2ncnc3ccc(OCCCCNCCS(C)(=O)=O)cc23)c1,5.775
CC(C)(C(=O)NCCn1ccc2ncnc(Nc3ccc(Oc4cccc(Cl)c4)c(Cl)c3)c21)S(C)(=O)=O.Cc1ccc(S(=O)(=O)O)cc1,7.959
OCc1ccc(-c2cc3c(Nc4ccc(OCc5ccccc5)cc4)ncnc3cn2)o1,8.398
O=C1NCCc2[nH]c(-c3ccnc(-c4cnc5ccccc5c4)c3)cc21,5.8
Cc1ncnc(Nc2ccc(OCc3cccc(F)c3)c(Cl)c2)c1/C=C/c1ccc(CNC2CC2)cc1,7.066
CN1CCN(CC(=O)N(C)c2ccc(N/C(=C3\C(=O)Nc4ccccc43)c3ccccc3)cc2)CC1,5.0
CN(CCCOc1ccc2ncnc(Nc3ccc(OCc4ccccc4)cc3)c2c1)CCS(C)(=O)=O,5.75
C=CC(=O)Nc1nc2c(Nc3ccc(F)c(Cl)c3)ncnc2cc1OCCCN1CCOCC1,6.724
COCC(=O)NCC#Cc1ccc2ncnc(Nc3ccc(OC4CCN(C(=O)CC(C)(C)C)CC4)c(C)c3)c2c1,7.412
Fc1cccc(COc2ccc(Nc3ncncc3C#Cc3ccccc3)cc2Cl)c1,6.108
Cc1ncc([N+](=O)[O-])n1CC(=O)NS(=O)(=O)c1ccccc1,5.376
COc1cc(Nc2nccc(Nc3cc(C)[nH]n3)n2)ccc1-c1nc2ccccc2s1,5.0
Cc1n[nH]c2ccc(-c3cncc(OCC(N)Cc4ccccc4)c3)cc12,5.8
C#Cc1cccc(Nc2ncnc3cc(OCCOC)c(OCCOC)cc23)c1.Cl,5.771
CCc1cc(Nc2nccc(-c3c(-c4cccc(C(=O)Nc5c(F)cccc5F)c4)nc4ccccn34)n2)c(OC)cc1N1CCC(N2CCN(S(C)(=O)=O)CC2)CC1,7.268
Cn1c(=O)c(Oc2ccc(F)cc2F)cc2cnc(NC3CCOCC3)nc21,5.8
CN1CCN(/N=C/c2c(N)ncnc2Nc2ccc3c(cnn3Cc3cccc(F)c3)c2)CC1,6.293
CS(=O)(=O)CCN(Cc1ccccc1)Cc1ccc(-c2ccc3ncnc(Nc4ccc(OCc5cccc(F)c5)c(Cl)c4)c3c2)o1,6.851
COc1ccc(C2CC(c3ccc(C)cc3)=NN2C2=NC(=O)CS2)cc1,5.206
COc1ccc(I)c(Sc2nc3c(N)ncnc3n2CCCNC(C)C)c1,6.745
COc1ccc(C2CC(c3ccccc3)=NN2C2=NC(=O)CS2)cc1,5.207
CS(=O)(=O)Nc1ccc2c(c1)S(=O)(=O)N=S2c1ccc(Br)cc1,4.398
Cc1ncnc(Nc2ccc(OCc3cccc(F)c3)c(Cl)c2)c1C#CCOc1ccc(CNC(C)C)cc1,6.886
Cc1cc(Nc2cc(N3CCN(C)CC3)nc(C=Cc3ccccc3)n2)n[nH]1,5.8
Cc1ncnc(Nc2ccc(OCc3cccc(F)c3)c(Cl)c2)c1/C=N/OCCCN1CCOCC1,5.745
CSCC[C@H](NC(=O)[C@@H](Cc1ccc(O)cc1)NC(=O)[C@@H]1CSSC[C@H](NC(=O)[C@H](N)Cc2ccccc2)C(=O)N[C@@H](CC(=O)O)C(=O)NCC(=O)N[C@@H](Cc2ccccc2)C(=O)N[C@@H](Cc2ccc(O)cc2)C(=O)N[C@@H](C)C(=O)N1)C(=O)N[C@@H](CC(=O)O)C(=O)N[C@H](C(N)=O)C(C)C,6.456
CCCCn1c(Sc2cc(OC)ccc2OC)nc2c(N)ncnc21,5.456
O=C(C#CCO)Nc1ccc2ncnc(Nc3cccc(Br)c3)c2c1,7.796
Cc1cccc(NC(=O)Nc2ccc(-c3csc4c(C#CCN)cnc(N)c34)cc2)c1,5.8
COc1ccc(NC(=O)c2ccc(N(CCCl)CCCl)cc2)cc1,6.387
COCCN(C)C(=O)c1c(-c2ccc3[nH]ncc3c2)nnn1Cc1ccccc1,5.8
CC(C)OC(=O)N(C)C1CN[C@H](C(=O)N2CC=C(c3ccccc3)CC2)[C@@H](C(=O)NO)C1,8.071
COc1cc2ncc(C#N)c(Nc3ccc(NCc4cccnc4)c(Cl)c3)c2cc1NC(=O)/C=C/CN(C)C,5.409
Cc1cc(C2CCN(CCCF)CC2)cc2[nH]c(-c3c(NCCn4cc(Cl)cn4)cc[nH]c3=O)nc12,5.222
O=C1CC(c2ccc(Cl)cc2Cl)Cc2nc3cc(Cl)ccc3c(O)c21,6.2
CCCCn1c(NC(=O)c2ccc(C#N)cc2)nc2cc(N(C)C(=O)C3CCCCC3)ccc21,5.8
NC(COc1cncc(-c2cc3ccncc3s2)c1)Cc1c[nH]c2ccccc12,5.8
FC(F)(F)c1cccc(Oc2ccc(Nc3ncnc4cc[nH]c34)cc2Cl)c1,7.523
Clc1cc(Nc2ncnc3[nH]nc(OCCN4CCCC4)c23)ccc1OCc1ccccn1,6.087
Cc1cc(C)c(C(=O)/C(C#N)=C/c2ccc(O)c(O)c2)c(C)c1,4.301
COc1cc(C2=C(c3c[nH]c4ccccc34)C(=O)NC2=O)cc(OC)c1OC,4.585
O=C(NO)[C@H]1CC2(CC2)CN[C@@H]1C(=O)N1CCC(c2ccccc2)CC1,6.854
COc1ccc(Nc2ncnn3ccc(CN4CCC(N)CC4)c23)cc1Cl,7.155
CS(=O)(=O)CCNc1nc(-c2ccc3ncnc(Nc4ccc(OCc5cccc(C(F)(F)F)c5)cc4)c3c2)cs1,4.824
O=S(=O)(CCNCc1ccc(-c2ccc3ncnc(Nc4ccc(OCc5cccc(F)c5)c(C(F)(F)F)c4)c3c2)o1)c1ccccn1,7.523
Nc1n[nH]c2ccc(-c3nnn(Cc4ccccc4)c3I)cc12,5.8
CN1CCC(NC(=O)c2cc3c(-c4ccccc4)n[nH]c3s2)CC1,5.8
CCOc1cc2ncc(C#N)c(Nc3cc(Cl)c(OCc4ccccc4)c(Cl)c3)c2cc1NC(=O)/C=C/CN(C)C,6.391
Cc1cccc(Nc2ncnc3ccc(NC(=O)N(CCCl)N=O)cc23)c1,4.914
CCc1ccc(/C=C2\C(=O)Nc3ccccc32)s1,4.0
NC1CCN(Cc2ccn3ncnc(Nc4cccc(F)c4)c23)CC1,8.222
COc1cc2cnc3c(c2cc1OC)C(=O)NC3=O,5.8
Fc1cccc(COc2ccc(Nc3ncnc4cc(-c5ccco5)sc34)cc2Cl)c1,6.149
CN1CCC(Oc2cccc3ncnc(Nc4ccc(OCc5cnccn5)c(Cl)c4)c23)CC1,8.699
O=C(Cc1ccccc1)Nc1cccc(-c2nc3sccn3c2-c2ccnc(Nc3cccc(N4CCOCC4)c3)n2)c1,6.167
Cc1ccn2ncnc(Nc3ccc4c(cnn4Cc4cccc(F)c4)c3)c12,7.056
N#Cc1n[nH]nc1-c1ccc(Oc2ccccc2)cc1,5.18
CCc1c(C(N)=O)cn2ncnc(Nc3ccc4c(cnn4Cc4ccccc4)c3)c12,6.959
Cc1n[nH]c2ccc(-c3cncc(OCC(N)Cc4c[nH]c5ccccc45)c3)cc12,5.8
Cc1c(C(=O)NCCCN2CCN(C)CC2)[nH]c2cnnc(Nc3ccc(OCc4cccc(F)c4)c(Cl)c3)c12,5.65
Cc1cccc(NC(=O)Nc2ccc(-c3csc4c(C#CCNS(C)(=O)=O)cnc(N)c34)cc2)c1,5.8
COc1cc(Nc2ncc(F)c(Nc3ccc4c(n3)NC(=O)C(C)(C)O4)n2)cc(OC)c1OC,5.0
CCN(CC)CC#Cc1ccc2c(c1)-c1[nH]nc(-c3ccc(C#N)nc3)c1C2,5.8
CC(C)N(CC#CC(=O)Nc1cc2c(Nc3ccc(F)c(Cl)c3)ncnc2cn1)C(C)C,6.0
Cn1cnc2c(F)c(Nc3ccc(Br)cc3Cl)c(C(=O)NOCCO)cc21,5.0
COc1ccc(CCNC(=O)c2c(N)ncnc2Nc2ccc(OCc3ccccc3)c(Cl)c2)cc1,4.0
CO/N=C/c1c(N)ncnc1Nc1ccc(OCc2cccc(F)c2)c(Cl)c1,7.745
O=C1Nc2ccccc2/C1=C/c1ccc(N2CCCC2)cc1,4.0
CC(C)NC(=O)c1cccc2[nH]c(-c3n[nH]c4ncc(-c5cncc6ccccc56)cc34)nc12,5.0
NCCOCc1ccn2ncnc(Nc3ccc4c(cnn4Cc4cccc(F)c4)c3)c12,7.046
CN1CC2(CC2)C[C@H](C(=O)NO)[C@H]1C(=O)N1CC=C(c2ccccc2)CC1,6.796
O=C1Nc2ccccc2/C1=C/c1n[nH]cc1Cl,4.0
Cc1csc(NC(=O)c2sc3nc(-c4ccncc4)ccc3c2N)n1,5.8
Oc1ccc2ncnc(Nc3ccc(OCc4ccccc4)cc3)c2c1,6.58
CCOc1nc(NC(=O)Cc2cc(OC)c(S(C)(=O)=O)cc2OC)cc(N)c1Cl,5.827
COc1cc(Nc2ncc3c(n2)-c2ccc(Cl)cc2C(c2c(F)cccc2OC)=NC3)ccc1C(=O)O,5.9
COc1cc2ncnc(Nc3cccc(Br)c3)c2cc1OC.Cl,6.845
Cc1ncnc(Nc2ccc(OCc3cccc(F)c3)c(Cl)c2)c1C#Cc1ccc(CN2CCCC2)cc1,7.387
COc1cc2ncnc(Nc3ccc(F)c(Cl)c3)c2cc1SCCCCCCC(=O)NO,7.616
Nc1cc2c(Nc3ccc4[nH]c(Cc5ccccc5)nc4c3)ncnc2cn1,5.73
CCCCOc1ncnc2[nH]cc(-c3ccccc3)c12,5.8
O=C(NC(CO)c1ccccc1)N1CC=C(c2c[nH]c3ncccc23)CC1,5.8
CCOc1cc2ncc(C#N)c(Nc3ccc(OCC4CCCCC4)c(Cl)c3)c2cc1NC(=O)/C=C/CN(C)C,7.553
NC(COCc1ccccc1)COc1cncc(C=Cc2ccncc2)c1,5.8
FC(F)(F)c1ccc(Cn2cc(-c3ccc4[nH]ncc4c3)nn2)c(C(F)(F)F)c1,5.8
O=C(Nc1cccc(-c2nc3sccn3c2-c2ccncc2)c1)c1ccccc1Cl,6.62
CCCN(CCS(C)(=O)=O)Cc1ccc(-c2ccc3ncnc(Nc4ccc(OCc5cccc(F)c5)c(Cl)c4)c3c2)o1,7.699
C[C@H](Oc1cccc2ncnc(Nc3ccc4c(cnn4Cc4cscn4)c3)c12)C(=O)N(C)C,6.886
NCCCOCc1ccn2ncnc(Nc3ccc4c(cnn4Cc4cccc(F)c4)c3)c12,7.222
CCOc1cc2ncc(C#N)c(Nc3ccc(OCc4nc5ccccc5s4)c(Cl)c3)c2cc1NC(=O)/C=C/CN(C)C,7.194
COc1ccc(OC(=O)CCCC(=O)Oc2ccc(/C=C/[N+](=O)[O-])cc2)cc1,5.18
CCc1c(CC(=O)O)cn2ncnc(Nc3ccc4c(cnn4Cc4ccccc4)c3)c12,6.167
Cc1c(-c2ccc3[nH]nc(N)c3c2)nnn1Cc1ccccc1,5.8
CCOc1cc2ncc(C#N)c(Nc3cccc(Br)c3)c2cc1NC(=O)/C=C/CN1CCOCC1,4.469
CN(C)Cc1ccc(-c2cc3ncnc(Nc4ccc(OCc5cccc(F)c5)c(Cl)c4)c3s2)[nH]1,7.119
C[C@@H](Oc1cccc2ncnc(Nc3ccc4c(cnn4Cc4cscn4)c3)c12)C(=O)N1CCOCC1,6.796
COc1cc(-c2ccc3c(c2)Nc2ccc(C(=O)NCCNC(C)=O)cc2NC3=O)ccc1O,5.8
CSCC[C@H](NC(=O)[C@H](Cc1ccc(O)cc1)NC(=O)[C@@H]1CSSC[C@H](NC(=O)[C@@H](N)Cc2ccccc2)C(=O)N[C@@H](CC(=O)O)C(=O)NCC(=O)N[C@@H](Cc2ccccc2)C(=O)N[C@@H](Cc2ccc(O)cc2)C(=O)N[C@@H](C)C(=O)N1)C(=O)N[C@@H](CC(=O)O)C(=O)N[C@H](C(=O)O)C(C)C,5.449
CCNCc1ccc(-c2cc3ncnc(Nc4ccc(OCc5cccc(F)c5)c(Cl)c4)c3s2)[nH]1,7.167
COC[C@@H]1CCCN1C/C=C\C(=O)Nc1ccc2ncnc(Nc3cccc(Br)c3)c2c1,5.534
COc1cc2ncnc(Nc3ccc(OC4CCN(C(=O)Nc5c(F)cccc5F)CC4)c(C)c3)c2cc1OC,7.448
COc1cc(C=C(C#N)c2nc3cc(C)ccc3[nH]2)c(Br)cc1O,5.8
O=S(=O)(CCO)CCn1ccc2ncnc(Nc3ccc(Oc4cccc(C(F)(F)F)c4)c(Cl)c3)c21,7.921
CCN(CC)CCNC(=O)c1c(C)[nH]c(C=C2C(=O)Nc3ccc(F)cc32)c1C,5.8
COc1ccccc1Cc1nc2ccc(-c3nn([C@H]4CC[C@H](N5CCNCC5)CC4)c4ncnc(N)c34)cc2[nH]1,6.678
O=c1[nH]c2sc3c(c2c2nc(-c4ccccc4)nn12)CCCC3,5.8
COc1ccc(C)c(Nc2c(C#N)cnc3cc4c(cc23)ncn4CCN2CCOCC2)c1,6.0
NCC1CCN(Cc2ccn3ncnc(Nc4ccc5c(cnn5Cc5cccc(F)c5)c4)c23)CC1,7.42
CC(C)N(C)C(=O)c1c(-c2ccc3[nH]ncc3c2)nnn1Cc1ccccc1,5.8
CS(=O)(=O)CCOCc1ccc(-c2ccc3ncnc(Nc4ccc(OCc5cccc(F)c5)c(Cl)c4)c3c2)o1,7.77
O=C(NNC(=S)Nc1ccc(Cl)cc1)C(O)(c1ccccc1)c1ccccc1,5.8
CC(=O)N1CCN(c2cnc3cc(C(F)(F)F)cc(NCc4cccc([N+](=O)[O-])c4)c3c2)CC1,5.0
CCN(CC)CC#CC(=O)Nc1cc2c(Nc3ccc(F)c(Cl)c3)ncnc2cn1,6.58
COc1ccc(F)c(F)c1C(=O)c1cnc(NC2CCN(S(C)(=O)=O)CC2)nc1N,5.0
CNCc1cncc(-c2cnc3[nH]nc(-c4nc5c(COC)cccc5[nH]4)c3c2)c1,4.0
O=C(CC1CCCCC1)Nc1cccc(-c2nc3sccn3c2-c2ccnc(Nc3ccc(N4CCOCC4)cc3)n2)c1,5.854
CCOc1cc2ncc(C#N)c(Nc3ccc(OCc4cccc(Cl)c4)c(Cl)c3)c2cc1NC(=O)/C=C/CN(C)C,8.097
NC(COc1cncc(-c2ccc3[nH]c(=O)oc3c2)c1)Cc1c[nH]c2ccccc12,5.8
CN(C/C=C/C(=O)Nc1ccc2ncnc(Nc3cccc(Br)c3)c2c1)CCO,6.383
CCCCCCCCCCCCCCCC[n+]1ccccc1.[Br-],5.726
CN1CCN(CCCNc2cccc(-c3nc4c(C(N)=O)cccc4[nH]3)n2)CC1,5.8
Cc1ncnc(Nc2ccc(OCc3cccc(F)c3)c(Cl)c2)c1-c1cccc(CN2CCOCC2)c1,5.426
O=C(O[C@@H]1CN[C@H](C#Cc2cc3ncnc(Nc4ccc(OCc5cccc(F)c5)c(Cl)c4)c3s2)C1)N1CCOCC1,6.886
O=C1CSC(NN=C2CCCC2)=N1,4.301
COc1cc2ncnc(Nc3ccc(-c4nc5cc(C(F)(F)F)ccc5s4)cc3)c2cc1OCCCN1CCN(C)CC1,5.0
CC(=O)N1CCN(C2CCC(n3nc(-c4ccc(NC(=O)c5cc6ccccc6n5C)cc4)c4c(N)ncnc43)CC2)CC1,6.9
Cn1cc(C2=C(c3cn(C4CCN(Cc5ccccn5)CC4)c4ccccc34)C(=O)NC2=O)c2ccccc21,5.0
O=C1NCc2cccc(Oc3ccc(Nc4ncnc5ccn(CCO)c45)cc3Cl)c21,8.602
N#Cc1c(NC(=O)c2cccc3ccccc23)sc2c1CCCC2,5.0
Cn1cc(C=C2C(=O)Nc3cccnc32)c2ccccc21,5.8
COCCN(C)C(=O)[C@@H](C)Oc1cccc2ncnc(Nc3ccc(Oc4ccc(C)nc4)c(C)c3)c12,6.921
Nc1ncnc2c1c(-c1ccc(Nc3nc4cccc(Cl)c4o3)cc1)nn2[C@H]1CC[C@H](N2CCOCC2)CC1,6.476
Cc1cc(C)c(O)c(CN(Cc2ccc(O)cc2)C(=O)Nc2ccccc2)c1,4.793
COc1cc(Nc2ncnc3[nH]ccc23)ccc1-c1nc2ccccc2s1,5.796
CS(=O)(=O)CCNC(=O)C1=Cc2c(ncnc2Nc2ccc(Oc3cccc(C(F)(F)F)c3)c(Cl)c2)NCC1,7.187
COCC(=O)NCC#Cc1ccc2ncnc(Nc3ccc(Oc4ccc(C(=O)Nc5ccccc5)cc4)c(C)c3)c2c1,5.0
Fc1cccc(Cn2ncc3cc(Nc4ncnn5ccc(COC[C@@H]6CNCCO6)c45)ccc32)c1,7.26
N#CCC(=O)Nc1cccc(Oc2cc(Nc3ccc(OCc4cccc(F)c4)c(Cl)c3)ncn2)c1,7.42
Nc1ncnc(Nc2ccc(OCc3ccccc3)c(Cl)c2)c1C(=O)NCCN1CCCCC1,5.0
Cc1ccc(Oc2ccc(Nc3ncnc4cccc(O[C@@H](C)C(=O)N(C)C)c34)cc2C)cn1,7.523
Cc1ccc(F)c(NC(=O)Nc2ccc(-c3cccc4[nH]nc(N)c34)cc2)c1,5.4
C=C(CNc1cc2c(Nc3ccc(OCc4ccccc4)c(Cl)c3)c(C#N)cnc2cc1OCC)C(=O)O,5.422
c1cnc2[nH]cc(-c3ccnc(NC4CCCCC4)n3)c2c1,5.8
COc1cc(Nc2ncc([N+](=O)[O-])c(Nc3ccccc3C(N)=O)n2)cc(OC)c1OC,5.8
COc1cc2ncnc(Nc3ccc4nn(Cc5ccccc5)cc4c3)c2cc1OC,5.509
CN(CCO)Cc1ccn2ncnc(Nc3ccc4c(cnn4Cc4cccc(F)c4)c3)c12,6.959
COc1cccc(C(C)NC(=O)N2CC=C(c3c[nH]c4ncccc34)CC2)c1,5.8
CSCC[C@H](NC(=O)[C@H](Cc1ccc(O)cc1)NC(=O)[C@@H]1CSSC[C@H](NC(=O)[C@@H](N)Cc2ccccc2)C(=O)NCC(=O)N[C@@H](CC(=O)O)C(=O)NCC(=O)N[C@@H](Cc2ccccc2)C(=O)N[C@@H](Cc2ccc(O)cc2)C(=O)N[C@@H](C)C(=O)N1)C(=O)N[C@@H](CC(=O)O)C(=O)N[C@H](C(=O)O)C(C)C,6.119
COc1cc(C=C(C#N)c2n[nH]c(N)c2C#N)ccc1O,5.8
COc1cc2ncnc(Nc3ccc(OCc4cccc(F)c4)c(Cl)c3)c2cc1OCCCCCCC(=O)NO,7.996
Cc1ccc2nc(NCCN)c3ncc(C)n3c2c1,5.0
CCc1c(NC(=O)OCCn2ccnc2)cn2ncnc(Nc3ccc4c(cnn4Cc4ccccc4)c3)c12,6.202
O=C(Nc1cccc(N2CCOCC2)n1)Nc1ccnc2c(C(F)(F)F)cccc12,5.8
Cc1ncnc(Nc2ccc(OCc3cccc(F)c3)c(Cl)c2)c1C#CCCNCc1ccccc1,6.092
CSc1cccc(Nc2ncc3cc(-c4c(Cl)cccc4Cl)c(=O)n(C)c3n2)c1,5.0
COc1cc2c(cc1Cl)C(c1ccc(Cl)c(Cl)c1)=NCC2,5.0
O=[N+]([O-])c1ccc2c(c1)S(=O)(=O)N=S2c1ccc(Br)cc1,5.699
CCCS(=O)(=O)Nc1ccc(F)c(C(=O)c2c[nH]c3ncc(Cl)cc23)c1F,5.0
O=C1CSC(N2N=C(c3ccc(F)cc3)CC2c2ccccc2)=N1,4.978
NC(=O)c1cc(-c2ccnc(N)n2)[nH]c1-c1ccc(Cl)cc1Cl,5.8
COc1cc(Nc2c(C#N)cnc3cc4[nH]c(NCCN5CCOCC5)nc4cc23)cc(OC)c1OC,6.0
CCCN(C/C=C/C(=O)Nc1ccc2ncnc(Nc3cccc(Br)c3)c2c1)CCC,5.845
COc1ccc(NC(=O)c2c(N)ncnc2Nc2ccc(OCc3ccccc3)c(Cl)c2)cc1,4.0
CCOc1cc2ncc(C#N)c(Nc3ccc(OCc4ccccc4)c(Cl)c3)c2cc1NC(=O)/C=C/c1cccc2cccnc12,5.945
CCCCN(Cc1cccc(Br)c1O)C(=O)Nc1ccccc1,4.301
O=C(NN=Cc1ccc(O)cc1O)Nc1cccc2nsnc12,5.8
CC(C)(C)c1cnc(CSc2cnc(NC(=O)C3CCNCC3)s2)o1,4.602
Nc1ncnc2c1N=C(c1ccc(NC(=O)Nc3cc(C(F)(F)F)ccc3F)cc1)CCN2,5.8
N#Cc1ccc2[nH]c(O)c(-c3ccc(CN4CCOCC4)cn3)c2c1,5.8
O=C(NO)c1ccc(-c2ccc3ncnc(Nc4ccc(OCc5cccc(F)c5)c(Cl)c4)c3c2)o1,8.699
Cc1cnc(Nc2ccc(OCCN3CCCC3)cc2)nc1Nc1cccc(S(=O)(=O)NC(C)(C)C)c1,5.0
O=C(/C=C/CN1CCOCC1)Nc1ccc2ncnc(Nc3cccc(Br)c3)c2c1,5.557
OCCn1ccc2ncnc(Nc3ccc(Oc4cccc(Cl)c4)c(Cl)c3)c21,8.387
O=C(NCc1ccccc1)c1ccc(N(CCCl)CCCl)cc1,4.587
CCOc1cc2ncc(C#N)c(Nc3ccc(OCc4ccccc4)c(Cl)c3)c2cc1NC(=O)/C=C/CN1CC1C(=O)OC,6.708
CN1CCN(CCC#CC(=O)Nc2cc3c(Nc4ccc(F)c(Br)c4)ncnc3cn2)CC1,8.456
O[C@H]1CNCCN(Cc2ccn3ncnc(Nc4ccc5c(cnn5Cc5cccc(F)c5)c4)c23)C1,7.796
Nc1n[nH]c2cccc(-c3ccc(NC(=O)Nc4cc(CO)ccc4F)cc3)c12,5.8
CCc1ccc(-c2ccc3c(c2)-c2c(cnn2C)S(=O)(=O)N3C)cc1,5.0
COc1cc2ncnc(Nc3ccc(Oc4ccc(C(=O)NCC(C)(C)C)cc4)c(C)c3)c2cc1OC,6.509
Cc1ccc(C(=O)Nc2ccon2)cc1Nc1ncnc(NC2CCCC2)c1C#N,4.301
Cc1cnc(Nc2cccc(S(N)(=O)=O)c2)nc1Nc1ccc(OCC(N)=O)cc1,6.1
Cc1cc(Nc2ncnc3cnc(N(C)C)cc23)ccc1OC1CCN(C(=O)CC(C)(C)C)CC1,7.292
Clc1ccc(-c2n[nH]cc2-c2ccncn2)cc1Cl,5.8
Nc1ccccc1C#Cc1cncnc1Nc1ccc(OCc2cccc(F)c2)c(Cl)c1,7.041
Clc1ccccc1Oc1ccc(Nc2ncnc3cc[nH]c23)cc1Cl,7.959
CN1CCN(c2ccc3nc(-c4c(N)c5c(F)cccc5[nH]c4=O)[nH]c3c2)CC1,5.4
c1ccc2sc(-c3ccc(Nc4ncnc5ccsc45)cc3)nc2c1,5.0
COc1ccc(-c2ccc(NC(=O)Nc3cccc(Br)c3)cc2)c2c(N)noc12,5.8
CCOc1ccccc1C=NNC(=O)c1nnn(-c2nonc2N)c1N1CCCC1,5.8
C[C@@H](c1cccc(F)c1)n1ncc2cc(Nc3ncnn4ccc(COC[C@@H]5CNCCO5)c34)ccc21,6.292
CS(=O)(=O)CCNc1nc(-c2ccc3ncnc(Nc4ccc5c(cnn5Cc5ccccc5)c4)c3c2)cs1,7.222
CCCOc1cccc(C(C)NC(=O)c2ccc(-c3ccncc3)cc2)c1,5.8
c1ccc(Nc2nc(-c3ccc4[nH]ncc4c3)cs2)cc1,5.8
CN(C)CCCOCc1ccn2ncnc(Nc3ccc4c(cnn4Cc4cccc(F)c4)c3)c12,6.252
N#C/C(=C\c1ccc(O)c(O)c1)C(=O)c1ccccc1Cl,4.921
COc1cc(-c2ccc3c(c2)Nc2ccc(CCOc4ccc(N5CCOCC5)cc4)cc2NC3=O)ccc1OCC(O)CO,5.8
CN1CCN(C2CCC(n3cc(-c4ccc(Oc5ccccc5)cc4)c4c(N)ncnc43)CC2)CC1,7.9
COc1cc2ncnc(Nc3ccc(-c4nc5ccccc5s4)cc3F)c2cc1OCCCN1CCN(C)CC1,5.0
CO[C@@H]1[C@H](N(C)C(=O)c2ccccc2)C[C@H]2O[C@]1(C)n1c3ccccc3c3c4c(c5c6ccccc6n2c5c31)C(=O)N[C@H]4O,5.0
COc1ccc(-c2ccc(NC(=O)Nc3ccc(F)c(C)c3)cc2)c2c(N)noc12,5.8
Cc1cc(C)c2c(n1)sc1c(N)ncnc12,5.8
Brc1cccc(Nc2ncnc3ccc(NCc4ccc5c(c4)OCCCO5)cc23)c1,5.319
Cc1ccc(S(=O)(=O)NC(=O)Cn2c([N+](=O)[O-])cnc2C)cc1,5.322
CONC(=O)c1ccc(F)c(Nc2ncnn3cc(NC(=O)OCCCS(C)(=O)=O)c(C(C)C)c23)c1,5.276
O=C(O)c1cc2c(-c3ccccc3)cncc2s1,5.8
CS(=O)(=O)CCNc1nc(-c2ccc3ncnc(Nc4ccc(F)c(Cl)c4)c3c2)cs1,5.489
OC1CCN(c2ncnc3[nH]cc(-c4ccccc4)c23)CC1,5.8
COCCOc1cc2ncnc(Nc3ccc(F)c(Cl)c3)c2cc1OCCCCCCC(=O)NO,7.62
Cc1cc(Nc2ncnc3cnc(N4CCCC4)cc23)ccc1Oc1ccc(C(=O)NCC(C)(C)C)cc1,7.444
O=C(Nc1ccc2[nH]ncc2c1)c1ccc(Cl)cc1,5.8
CNC(=O)c1cccc(Oc2ccc(Nc3ncnc4ccc(C#CCNC(=O)COC)cc34)cc2C)c1,5.0
CS(=O)(=O)CCNCc1ccc(-c2ccc3ncnc(Nc4ccc(OCc5cccc(Br)c5)cc4)c3c2)o1,7.0
COc1cccc(C=C2SC(=Nc3ccccc3)NC2=O)c1,5.8
Cc1ccc(/C=C/C(=O)OCCn2c([N+](=O)[O-])cnc2C)cc1,5.015
O=C(COc1cccc2ncnc(Nc3ccc(OCc4ccccn4)c(Cl)c3)c12)N1CCOCC1,6.854
Nc1ncnc2c1c(-c1cccc(OCc3ccccc3)c1)cn2C1CCC(N2CCCC2)CC1,5.8
Cc1nccn2c(-c3ccnc(NCC(C)(C)O)n3)c(-c3ccc(F)cc3F)nc12,5.8
N#C/C(=C\c1ccc(O)c(O)c1)C(=O)NCc1ccc(O)cc1,5.54
CN(CCOc1cccc2ncnc(Nc3ccc(OCc4ccccn4)c(Cl)c3)c12)C(=O)CO,7.367
CO/N=C/c1c(N)ncnc1Nc1ccc2c(cnn2Cc2ccc(F)cc2)c1,6.724
N#Cc1ncc2nc1OCC(O)C(O)COc1ccc(Cl)cc1NC(=O)N2,5.8
CC(C)(CO)CNc1nccc(-c2c(-c3ccc(F)cc3)nc3cnccn23)n1,5.8
Cc1nccn2c(-c3ccnc(NCC(C)(C)C(=O)O)n3)c(-c3ccc(F)cc3F)nc12,5.8
CO/N=C/c1c(N)ncnc1Nc1ccc(F)c(Cl)c1,6.69
Cc1cccc(NC(=O)Nc2ccc(-c3csc4c(C#CC(C)(C)N)cnc(N)c34)cc2)c1,5.8
CCOC(=O)N1CCN([C@H]2CC[C@H](n3nc(-c4ccc5nc(Cc6ccccc6OC)[nH]c5c4)c4c(N)ncnc43)CC2)CC1,5.796
CC(C)(C(=O)NCCn1ccc2ncnc(Nc3ccc(Oc4cccc(Cl)c4)c(Cl)c3)c21)S(C)(=O)=O,7.959
CCOc1cc2ncc(C#N)c(Nc3ccc(N(C)Cc4ccccc4)c(Cl)c3)c2cc1NC(=O)/C=C/CN(C)C,5.678
Cc1cc(C)c(O)c(CN(Cc2ccc(F)cc2)C(=O)Nc2ccccc2)c1,4.301
O=C1Nc2ccccc2/C1=C/c1ccc(N2CCOCC2)cc1,4.0
N#CCNCc1ccc(-c2cc3ncnc(Nc4ccc(OCc5cccc(F)c5)c(Cl)c4)c3s2)o1,7.167
COc1cn2ncnc(Nc3ccc4c(cnn4Cc4cccc(F)c4)c3)c2c1CN1CCCNCC1,6.77
CN1CCN(c2ccc3[nH]c(-c4n[nH]c5ncc(-c6cncc7ccccc67)cc45)nc3c2)CC1,5.186
CN(C)c1ccc(/C=C/c2ccc3ncnc(NCc4ccccc4)c3c2)cc1,5.524
O=C(Cc1ccccc1)Nc1cccc(-c2nc3sccn3c2-c2ccnc(Nc3cccc(N4CCCC4=O)c3)n2)c1,8.4
C[C@H](NC(=O)c1cc(-c2cnn(C3CCOCC3)c2)cnc1N)c1c(Cl)ccc(F)c1Cl,5.0
N#C/C(=C\c1ccc(O)c(O)c1)C(=O)NCCc1ccccc1,4.639
N#Cc1ccc2nc(N)n(-c3nc(-c4ccccc4)cs3)c2c1,6.4
O=S1(=O)N=S(c2ccc(Br)cc2)c2ccc(C(F)(F)F)cc21,4.398
CS(=O)(=O)N(Cc1ccc2[nH]c(=O)c3cccn3c2c1)C1CC1,7.5
C=C(CN1CCOCC1)C(=O)Nc1ccc2ncnc(Nc3cccc(Br)c3)c2c1,6.339
Cc1cccc2[nH]c(-c3n[nH]c4ncc(-c5cncc6ccccc56)cc34)nc12,6.0
O=C(Nc1cccc(-c2nc3sccn3c2-c2ccnc(Nc3ccc(N4CCOCC4)cc3)n2)c1)Oc1ccccc1,6.77
CCOc1cc2ncc(C#N)c(Nc3ccc(OCc4cc(F)cc(F)c4)c(Cl)c3)c2cc1NC(=O)/C=C/CN(C)C,6.411
COc1cc2ncnc(Nc3ccc(F)c(Cl)c3)c2cc1OCCCCC(=O)NO,7.824
CC(C)N(CC#CC(=O)Nc1ccc2ncnc(Nc3ccc(F)c(Cl)c3)c2c1)C(C)C,7.187
CNC(=O)[C@@H](C)Oc1cccc2ncnc(Nc3ccc4c(cnn4Cc4cccc(F)c4)c3)c12,7.244
Clc1cc(Nc2ncnc3cc[nH]c23)ccc1OCc1ccccn1,7.658
O=C(Nc1cccc(-c2nc3sccn3c2-c2ccnc(Nc3ccccc3)n2)c1)c1ccccc1,8.201
O=C(NO)[C@H]1C[C@@H](OC(=O)N2CCCC2)CN[C@@H]1C(=O)N1CC=C(c2ccccc2)CC1,7.523
CCOc1cc2ncc(C#N)c(Nc3ccc(OCc4ccccc4)c(Cl)c3)c2cc1NC(=O)/C=C/CN1CCOCCOCCOCC1,6.22
CCCC(=O)Nc1n[nH]c2nnc(-c3cccc(F)c3F)cc12,5.8
O=C(Nc1cccc(Cl)c1)Nc1ncc(CCNc2ncnc3ccsc23)s1,5.8
COc1ccc(/C=C/C(=O)Nc2cccc(Oc3cc(Nc4ccc(OCc5cccc(F)c5)c(Cl)c4)ncn3)c2)cc1OC,5.909
CC(C)(C)c1cc(/C=C2\C(=O)Nc3ccccc32)cc(C(C)(C)C)c1O,4.188
CCN1CCN(CCCC(=O)Nc2n[nH]c3nnc(-c4cccc(F)c4F)cc23)CC1,5.8
CN(C)CCCOC(=O)/C=C/C(=O)Nc1ccc2ncnc(Nc3cccc(Br)c3)c2c1,6.959
CC(C)(C)OC(=O)n1ncc2cc(Nc3c(NCc4ccc(Cl)cc4Cl)c(=O)c3=O)ccc21,5.8
CNC(=O)c1cc(Oc2ccc(NC(=O)Nc3cccc(C(F)(F)F)c3)cc2)ccn1,5.8
CC(=O)O[C@H]1C(=O)[C@@]2(C)[C@H]([C@H](OC(=O)c3ccccc3)[C@]3(O)C[C@H](OC(=O)[C@H](O)[C@@H](NC(=O)c4ccccc4)c4ccccc4)C(C)=C1C3(C)C)[C@]1(OC(C)=O)CO[C@@H]1C[C@@H]2O,4.954
CC(C)c1ccc(NC(=O)c2ccc(N(CCCl)CCCl)cc2)cc1,5.635
Cc1nc(N)sc1-c1ccnc(Nc2ccc(N3CCOCC3)cc2)n1,5.8
CC(C)OCc1cccc2[nH]c(-c3n[nH]c4ncc(-c5cncc6ccccc56)cc34)nc12,4.0
CCOC(=O)c1cn2ncnc(Nc3ccc4c(cnn4Cc4ccccc4)c3)c2c1Cc1ccccc1,4.602
COc1c(Br)cc(/C=C2\C(=O)Nc3ccc(Cl)cc32)cc1C(C)(C)C,4.818
CNC(=O)[C@@H](C)Oc1cccc2ncnc(Nc3ccc4c(cnn4Cc4nccs4)c3)c12,6.62
CCc1c(C(=O)N(C)C)cn2ncnc(Nc3ccc4c(cnn4Cc4ccccc4)c3)c12,6.301
O=C(/C=C/C(=O)Nc1cc2c(Nc3ccc(F)c(Cl)c3)ncnc2cn1)NCCCN1CCOCC1,7.62
O=S(=O)(CCCCNCc1ccc(-c2ccc3ncnc(Nc4ccc(OCc5ccccc5)c(Cl)c4)c3c2)o1)c1ccccc1,7.42
COc1ccc(CNc2c(Nc3ccc4[nH]ncc4c3)c(=O)c2=O)cc1,5.8
O=c1ncn2nc(Sc3ccc(F)cc3F)ccc2c1-c1c(Cl)cccc1Cl,5.4
COc1cc2c(cc1OC)-c1n[nH]c(Nc3cccc(F)c3)c1C2,5.0
O=C1CSC(N2N=C(c3ccc(Br)cc3)CC2c2ccccc2)=N1,5.312
Oc1ccc(-c2nc(-c3ccc(F)cc3)c(-c3ccncc3)[nH]2)cc1,5.0
NC(=O)COCc1ccn2ncnc(Nc3ccc4c(cnn4Cc4cccc(F)c4)c3)c12,6.959
O=C(NCCc1ccc(O)c(Br)c1)/C(Cc1cc(Br)c(O)c(Oc2ccc(CCNC(=O)/C(Cc3cc(Br)c(O)c(-c4cc(C/C(=N\O)C(=O)NCCc5ccc(O)c(Br)c5)cc(Br)c4O)c3)=N/O)cc2Br)c1)=N/O,5.678
O=C(NO)[C@H]1C[C@H](OC(=O)N2CCCC2)CN[C@@H]1C(=O)N1CCC(c2ccccc2)CC1,7.377
COc1cc2ncnc(NCc3ccccc3)c2cc1OCCCCCCC(=O)NO,6.647
COC(=O)c1cncc(/C=C/c2c[nH]nc2-c2nc3ccc(OC)cc3[nH]2)c1,4.0
CNC(=O)[C@@H](C)Oc1cccc2ncnc(Nc3ccc(OCc4ccccn4)c(Cl)c3)c12,7.18
CO/N=C/c1c(N)ncnc1Nc1ccc2c(c1)CCN2Cc1cccc(F)c1,6.593
CCCN(CC#CC(=O)Nc1ccc2ncc(C#N)c(Nc3cccc(Br)c3)c2c1)CCC,6.432
CNc1ccc2ncnc(Nc3cccc(Cl)c3)c2c1,6.051
O=C(C#CCN1CCOCC1)Nc1cc2c(Nc3ccc(F)c(Cl)c3)ncnc2cn1,7.622
O=C(/C=C/c1ccc(F)cc1)Nc1cccc(Oc2cc(Nc3ccc(OCc4cccc(F)c4)c(Cl)c3)ncn2)c1,5.888
NC(=O)O[C@H]1CN[C@H](C#Cc2cc3ncnc(Nc4ccc(OCc5cccc(F)c5)c(Cl)c4)c3s2)C1,7.796
Nc1ncnc2sc(Br)c(-c3ccc(NC(=O)Cc4cccc(Cl)c4)cc3)c12,5.8
CS(=O)(=O)CCNC(=O)O[C@H]1CN[C@H](C#Cc2cc3ncnc(Nc4ccc(OCc5cccc(F)c5)c(Cl)c4)c3s2)C1,7.495
CN1CCN(CCOc2n[nH]c3ncnc(Nc4ccc(OCc5ccccn5)c(Cl)c4)c23)CC1,6.78
COC(=O)N1C[C@@H](OC(=O)N2CCCC2)C[C@H](C(=O)NO)[C@H]1C(=O)N1CCN(c2ccccc2)CC1,8.092
COc1cc2ncc(C#N)c(Nc3ccc(OCc4ccccc4)cc3)c2cc1NC(=O)/C=C/CN(C)C,6.44
Cc1cc(Br)c2oc(Nc3ccc(-c4cn([C@H]5CC[C@@H](N6CCN(C)CC6)CC5)c5ncnc(N)c45)cc3F)nc2c1,4.204
Cn1ncc2cc(Nc3ncnn4ccc(COC[C@@H]5CNCCO5)c34)ccc21,6.0
N#Cc1n[nH]nc1-c1ccc(Cl)cc1,4.959
Nc1ncnc2c1c(-c1ccc3nc(Cc4cccs4)[nH]c3c1)nn2[C@H]1CC[C@H](N2CCOCC2)CC1,6.602
C=CC(=O)N(C)c1nc2c(Nc3ccc(F)c(Cl)c3)ncnc2cc1OCCCN1CCOCC1,6.699
CC(C)Nc1ncnn2ccc(CN3CCC(N)CC3)c12,6.056
N#C/C(=C\c1ccc(O)c(O)c1)C(=O)N1CCN(c2ccccc2)CC1,4.31
OC1CCN(CCCOc2n[nH]c3ncnc(Nc4ccc(OCc5ccccn5)c(Cl)c4)c23)CC1,8.222
CCS(=O)(=O)Nc1ccc(-c2ccc3[nH]nc(N)c3c2)cc1,5.8
COc1nc(Nc2ccc(-c3nc4ccccc4s3)cc2)c2cc[nH]c2n1,5.0
COCC#CC(=O)Nc1cc2c(Nc3cccc(Br)c3)c(C#N)cnc2cc1OC,6.42
CCCc1cc(-c2ccc3[nH]ncc3c2)on1,5.8
CNC(=O)c1cc(Nc2ccc(-c3nc4ccccc4s3)cc2)ccn1,5.959
COc1ccccc1CO/N=C/c1c(N)ncnc1Nc1ccc2c(cnn2Cc2cccc(F)c2)c1,6.362
COc1cc(C=C(C#N)C#N)cc(CSc2ccccc2)c1O,5.6
CCOc1cc2ncc(C#N)c(Nc3ccc(OCc4ccccc4)c(Cl)c3)c2cc1NC(=O)/C=C/CN(C)NC[C@H](O)[C@@H](O)[C@H](O)[C@H](O)CO,6.015
CS(=O)(=O)N1CCN(Cc2cc3nc(-c4cccc5[nH]ncc45)nc(N4CCOCC4)c3s2)CC1,5.0
Fc1cccc(Cn2ncc3cc(Nc4ncnn5ccc(COC[C@@H]6COCCN6)c45)ccc32)c1,6.229
C#Cc1cccc(Nc2ncnc3cc(OC)c(OCCCCCCC(=O)NO)cc23)c1,7.804
O=C(Nc1ccc(Br)cc1)c1ccc(N(CCCl)CCCl)cc1,5.588
COc1cccc(C(C)NC(=O)c2cc(C)c(-c3ccc4[nH]nc(C)c4c3)s2)c1,5.8
NC(=O)c1cc2c(Oc3ccc(Br)cc3)cncc2s1,5.8
CCOc1nc(NC(=O)Cc2cc(OC)ccc2OC)cc(N)c1C#N,5.827
Nc1n[nH]c2nnc(-c3ccccc3)c(-c3ccccc3)c12,5.8
O=C1Cc2c([nH]c3ccc(Br)cc23)-c2ncccc2N1,5.8
N#C/C(=C\c1ccc(O)c(O)c1)C(=O)Nc1ccccc1,4.379
Cc1n[nH]c2c1C(c1ccccc1F)C1=C(CC(C)(C)CC1=O)N2,5.8
COc1cccc(/C=N/NC2=NC(=O)CS2)c1,4.342
CN(C)c1ccc(CNC(=O)c2cc3c(-c4ccccc4)n[nH]c3s2)cc1,5.8
COc1ccc(/C=N/NC2=NC(=O)CS2)cc1,5.038
Cc1cc(NC(=O)Cc2ccc(-c3cccc4[nH]nc(N)c34)cc2)ccc1F,5.8
O=C1CSC(N2N=C(c3ccc(Cl)cc3)CC2c2ccc(F)cc2)=N1,4.785
Cc1ccn2ncnc(Nc3ccc4c(cnn4Cc4cccnc4)c3)c12,6.602
Cc1ccc(-c2n[nH]nc2C#N)cc1,4.438
Cc1ccc(C2=NN(C(N)=S)C(c3ccc4ccccc4c3)C2)cc1,5.983
NC(=O)COc1cccc2ncnc(Nc3ccc(OCc4ccccn4)c(Cl)c3)c12,6.745
Nc1ncnc2c1c(-c1ccc3nc(Cc4ccccc4Cl)[nH]c3c1)nn2[C@H]1CC[C@H](N2CCOCC2)CC1,6.178
CN1C[C@@H](OC(=O)N2CCC(F)(F)C2)C[C@H](C(=O)NO)[C@H]1C(=O)N1CCN(c2ccccc2)CC1,7.297
O=C(Nc1cccc(-c2nc3sccn3c2-c2ccnc(Nc3cccc(N4CCCC4=O)c3)n2)c1)c1c(F)cccc1F,8.4
CNc1ccc2ncnc(Nc3cccc(C)c3)c2c1,5.684
N[C@H]1CCN(Cc2ccn3ncnc(Nc4ccc5c(cnn5Cc5cccc(F)c5)c4)c23)C1,7.284
O=C(c1cc(Cc2n[nH]c(=O)c3c2CCCC3)ccc1F)N1CCN(c2ncccn2)CC1,5.8
Fc1cccc(COc2ccc(Nc3ncncc3C#Cc3ncccn3)cc2Cl)c1,7.222
N#Cc1c(O)[nH]c(=O)c2c(=N)oc3ccc(Cl)cc3c12,5.8
[O-][S+]1CCN(Cc2ccc(-c3ccc4ncnc(Nc5ccc(OCc6ccccc6)c(F)c5)c4c3)o2)CC1,7.456
CC(C)C[C@H](NC(=O)[C@H](CO)NC(=O)[C@H](Cc1ccc(O)cc1)NC(=O)[C@H](CS)NC(=O)[C@H](CS)NC(=O)[C@@H](N)CCCCN)C(=O)O,4.523
O=c1cc(-c2ccncc2)nc(NC2CCCCC2)[nH]1,5.8
OC1CCN(CCOc2n[nH]c3ncnc(Nc4ccc(OCc5ccccn5)c(Cl)c4)c23)CC1,6.87
CCCCn1c(Cc2cc(OC)ccc2Cl)nc2c(N)ncnc21,4.699
NC(=O)c1ccc2c(c1)S(=O)(=O)N=S2c1ccc(Br)cc1,4.398
CC(c1cccc(F)c1)n1ncc2cc(Nc3ncnc4cc(C#C[C@@H]5C[C@@H](OC(=O)N6CCOCC6)CN5)sc34)ccc21,6.886
O=C1CSC(N/N=C/c2cccc(Br)c2)=N1,4.989
CCC1=C2C(Nc3ccc4c(cnn4Cc4ccccc4)c3)=NC=NC2N=C1NC(=O)OCC1CCNCC1,7.638
COc1cc(NC(=O)/C=C/CN(C)C)cc2c(Nc3cccc(Br)c3)c(C#N)cnc12,5.031
COCCn1cc(-c2ccncn2)c(-c2ccc(Cl)cc2)n1,5.8
CCOc1cc2ncc(C#N)c(Nc3ccc(OCc4cccnc4)c(Cl)c3)c2cc1NC(=O)/C=C/CN(C)C,6.57
COc1cc2ncc(C#N)c(Nc3cccc(Br)c3)c2cc1NC(=O)C#CCN(C)C,6.745
CC(=O)Nc1c(C(N)=O)sc2ccc(Cl)c(Cl)c12,5.8
CCOc1cc2ncc(C#N)c(Nc3ccc(OCc4cccc(C#N)c4)c(Cl)c3)c2cc1NC(=O)/C=C/CN(C)C,6.793
Cc1ccc(C(=O)/C(C#N)=C/c2ccc(O)c(O)c2)cc1,5.0
OCCNCCn1ccc2ncnc(Nc3ccc(Oc4cccc(C(F)(F)F)c4)c(Cl)c3)c21,8.114
O=C(O[C@H]1CN[C@H](C#Cc2cc3ncnc(Nc4ccc5c(c4)c(F)cn5Cc4ccccc4)c3s2)C1)N1CCOCC1,6.678
CN(C)CCCNC(=O)/C=C/C(=O)Nc1ccc2ncnc(Nc3cccc(Br)c3)c2c1,6.684
NC(Cc1cccc2ccccc12)C(=O)Nc1cncc(C=Cc2ccncc2)c1,5.8
Cc1c(C(=O)NCCN2CCOCC2)[nH]c2cnnc(Nc3ccc(OCc4ccccn4)c(Cl)c3)c12,5.301
COc1cncc(/C=C/c2c[nH]nc2-c2nc3ccc(OC)cc3[nH]2)c1,4.921
Cc1cccc(NC(=O)Nc2ccc(-c3csc4ncnc(N)c34)cc2)c1,5.8
CC(C)(N)C(=O)NCCn1ccc2ncnc(Nc3ccc(Oc4cccc5sncc45)c(Cl)c3)c21,9.009
Clc1cc(Nc2ncnc3[nH]nc(OCCN4CCOCC4)c23)ccc1OCc1ccccn1,9.0
CS(=O)(=O)CCNCc1cc(-c2cc3ncnc(Nc4ccc(OCc5cccc(F)c5)c(Cl)c4)c3s2)cs1,7.509
CNS(=O)(=O)c1ccccc1Nc1nc(Nc2cc(OC)c(OC)c(OC)c2)ncc1Cl,6.8
N#Cc1n[nH]nc1-c1ccc(F)cc1,4.5
Cc1cc(Nc2ncnc3cnc(N4CCOCC4)cc23)ccc1Oc1ccc(C(=O)NCC(C)(C)C)cc1,7.649
CCc1c(C(=O)O)cn2ncnc(Nc3ccc4c(cnn4Cc4ccccc4)c3)c12,7.398
CN(C)CCCN1c2ccccc2Sc2ccc(Cl)cc21,4.713
Nc1ncnc(Nc2ccc3c(cnn3Cc3cccc(F)c3)c2)c1/C=N/N1CCCCC1,6.83
Oc1cccc(Nc2ncnc3scc(Cl)c23)c1,5.8
COc1cc(/C=C(\C#N)C(N)=O)cc(CSc2nc3ccccc3s2)c1O,6.46
COc1ccc(Nc2nccc(Nc3c(NC(C)C(C)(C)C)c(=O)c3=O)n2)cc1OC,5.8
CN(C)C(=O)O[C@H]1CN[C@@H](C#Cc2cc3ncnc(Nc4ccc(OCc5cccc(F)c5)c(Cl)c4)c3s2)C1,7.45
COc1cc2c(Nc3ccc(F)c(Cl)c3)ncnc2cc1OCCCCCCC(=O)NO,7.148
COc1ccc(CNC(=O)Nc2ncc([N+](=O)[O-])s2)cc1,5.8
Fc1ccc(Nc2ncnc3nn4ccccc4c23)cc1Cl,5.0
CN(C)Cc1ccc(-c2cc3ncnc(Nc4ccc(OCc5cccc(F)c5)c(Cl)c4)c3s2)o1,6.836
CN1CCN(C(=O)COc2cccc3ncnc(Nc4ccc(OCc5ccccn5)c(Cl)c4)c23)CC1,6.456
Cc1cccc2c1/C(=C/c1ccc[nH]1)C(=O)N2,4.0
NC(=O)c1ccc2c(c1)NC(=O)/C2=C(\Nc1ccc(CN2CCCCC2)cc1)c1ccccc1,5.0
Cc1cccc(CN(Cc2ccc(F)cc2)C(=S)Nc2ccccc2)c1O,4.805
CC/C(=C(\c1ccccc1)c1ccc(OCCN(C)C)cc1)c1ccccc1,5.53
Nc1nc(Nc2ccc(S(N)(=O)=O)cc2)nn1C(=O)c1sccc1-n1cccc1,6.699
O=C(NO)[C@H]1C[C@H](OC(=O)N2CCCC2)CN[C@@H]1C(=O)N1CCN(c2ccccc2)CC1,8.42
Cc1ccc(C2CC(c3ccc(Cl)cc3)=NN2C2=NC(=O)CS2)cc1,5.09
CC(=O)N1CCN(Cc2ccn3ncnc(Nc4ccc5c(cnn5Cc5cccc(F)c5)c4)c23)CC1,6.215
Cc1ccc(NC(=O)Nc2ccc(-c3csc4ncnc(N)c34)cc2)cc1C,5.8
COc1ccc(CNc2c(Nc3ccncc3)c(=O)c2=O)c(OC)c1,6.1
OCCn1ccc2ncnc(Nc3ccc(Oc4cccc(OC(F)(F)F)c4)c(Cl)c3)c21,7.538
NC(=O)Cn1cc(-c2cc(-c3cc4ccccc4s3)c3[nH]ncc3c2)c2nc(N)ncc21,6.0
CCC1=C2C(Nc3ccc4c(cnn4Cc4ccccc4)c3)=NC=NC2N=C1NC(=O)OC[C@@H]1COCCN1,7.678
c1ccc(Nc2ncnc3ccccc23)cc1,5.3
O=S(=O)(NCCNCC=Cc1ccc(Br)cc1)c1cccc2cnccc12,5.8
CN(C)C/C=C/C(=O)Nc1ccc2ncnc(Nc3cccc(Br)c3)c2c1,6.521
O=C(Cc1cccc(Br)c1)NS(=O)(=O)c1ccc(F)cc1,4.689
Cc1cc(C)cc(NC(=O)Nc2ccc3c(c2)CCc2sc4ncnc(N)c4c2-3)c1,5.8
COCC(=O)NCC#Cc1ccc2ncnc(Nc3ccc(Oc4cccc(C(=O)N(C)C)c4)c(C)c3)c2c1,5.0
COCc1cccc2[nH]c(-c3n[nH]c4ncc(-c5cncnc5)cc34)nc12,4.0
CNc1cc2c(Nc3ccc(OC4CCN(C(=O)Nc5c(F)cccc5F)CC4)c(C)c3)ncnc2cn1,6.745
Fc1cccc(COc2ccc(Nc3ncnc4nn5ccccc5c34)cc2Cl)c1,7.201
OCc1cccc2[nH]c(-c3n[nH]c4ncc(-c5cncc6ccccc56)cc34)nc12,6.62
Cc1n[nH]c2c1C(c1ccccc1Cl)C(C#N)=C(N)O2,5.8
CCN(CC)CCCNC(=O)/C=C/C(=O)Nc1cc2c(Nc3cccc(Br)c3)ncnc2cn1,7.854
CN1C[C@@H](OC(=O)N2CCCCC2)C[C@H](C(=O)NO)[C@H]1C(=O)N1CCN(c2ccccc2)CC1,8.137
CC(C)(C)CC(C)(C)c1ccc(OCCOCC[N+](C)(C)Cc2ccccc2)cc1.[Cl-],5.681
CC(C)(C(=O)NCCn1ccc2ncnc(Nc3ccc(Oc4cccc(C(F)(F)F)c4)c(Cl)c3)c21)S(C)(=O)=O,7.77
N#CCOc1ccc(Nc2nc(Nc3cccc(S(N)(=O)=O)c3)ncc2Br)cc1,6.7
COc1cccc(C(C)NC(=O)c2ccc(-c3ccncc3C)cc2)c1,5.8
O=C(COc1cc(F)c(F)c(F)c1)Nc1cccc(Oc2cc(Nc3ccc(OCc4cccc(F)c4)c(Cl)c3)ncn2)c1,5.67
OCCn1ccc2ncnc(Nc3ccc(Oc4cccc(C(F)(F)F)c4)c(Cl)c3)c21,7.921
O=C(NCc1ccccc1)c1cccc(-c2cnc3[nH]ccc3c2)c1,5.8
NC1CCN(Cc2ccn3ncnc(Oc4ccc(NC(=O)NC(=O)Cc5ccc(F)cc5)cc4F)c23)CC1,5.301
CCOc1cc2ncc(C#N)c(Nc3ccc(O[C@H]4CCc5ccccc54)c(Cl)c3)c2cc1NC(=O)/C=C/CN(C)C,5.009
CCN(CC)CC#CC(=O)Nc1ccc2ncnc(Nc3cccc(Br)c3)c2c1,7.42
COc1cc(Nc2nccc(Nc3cc(C4CCCCC4)no3)n2)cc(OC)c1OC,5.8
Cc1cccc(NC(=O)Nc2ccc(-c3csc4ccnc(N)c34)cc2)c1,5.8
Cc1cccc(Nc2ncnc3ccc(N)cc23)c1,5.194
Cc1ccc(C2=NN(c3ccccc3)C(c3cccc4ccccc34)C2)cc1,5.719
COc1cc(/C=C(\C#N)C(N)=O)cc(CSc2nc3ccccc3o2)c1O,5.82
CCOc1cc2ncc(C#N)c(Nc3ccc(OCc4ccccc4)c(Cl)c3)c2cc1NC(=O)/C=C/CN(C)CCOC,6.738
Nc1ncnc2scc(C(=O)Nc3ccc(NC(=O)Nc4ccccc4)cc3)c12,5.8
Cc1cccc(/C=N/NC2=NC(=O)CS2)c1,4.498
CC(C)(C)NC(=O)c1ccc(N(CCCl)CCCl)cc1,4.336
OCc1ccc(-c2cc3ncnc(Nc4ccc(OCc5cccc(F)c5)c(Cl)c4)c3s2)o1,6.914
COc1cc(-c2nn(C3CCC(N4CCN(C(C)=O)CC4)CC3)c3ncnc(N)c23)ccc1NC(=O)c1cc2ccccc2n1C,7.3
COc1cc2ncnc(Nc3ccc(-c4nc5ccccc5s4)c(OC)c3)c2cc1OCCCN1CCN(C)CC1,7.328
CC(C)CO/N=C/c1c(N)ncnc1Nc1ccc2c(cnn2Cc2cccc(F)c2)c1,6.762
COc1ccc2nc(-c3ccc(Nc4ncnc5cc(OCCCN6CCN(C)CC6)c(OC)cc45)cc3)sc2c1,6.886
O=C(NO)[C@H]1C[C@H](OC(=O)N2CCCC2)CN[C@@H]1C(=O)N1CC=C(c2ccccc2)C1,7.959
Nc1n[nH]c2ccc(-c3nnn(Cc4ccccc4)c3-c3ccc(F)cc3)cc12,5.8
O=C(Nc1cnc2[nH]cc(-c3ccccc3)c2c1)c1cccc(F)c1F,5.8
O=C(Cc1ccc(Br)cc1)NS(=O)(=O)c1ccc(Cl)cc1,4.723
Cc1ccc(NC(=O)c2ccc(CN3CCN(C)CC3)cc2)cc1Nc1nc(-c2cccnc2)cs1,5.921
Nc1ncc(-c2ccoc2)c2scc(-c3ccc(NC(=O)Nc4ccccc4F)cc3)c12,5.8
Cc1cccc2c1/C(=C/c1ccc(N3CCN(C=O)CC3)cc1)C(=O)N2,4.0
COCC#CC(=O)Nc1ccc2ncc(C#N)c(Nc3cccc(Br)c3)c2c1,6.523
CCS(=O)(=O)N[C@H]1CN[C@H](C#Cc2cc3ncnc(Nc4ccc(OCc5cccc(F)c5)c(Cl)c4)c3s2)C1,7.06
COc1cc2ncnc(Nc3ccc(F)c(Cl)c3)c2cc1OCCCCCC(=O)NO,7.699
CS(=O)(=O)Nc1cc2c(cc1Cl)NC(=O)Nc1cnc(C#N)c(n1)OCCCCCO2,5.4
Fc1cccc(Cn2ncc3cc(Nc4ncnn5ccc(COCC6CCNCC6)c45)ccc32)c1,6.921
CO/N=C/c1c(N)ncnc1Nc1cccc(Br)c1,6.254
COc1cc(S(C)(=O)=O)c(OC)cc1CC(=O)Nc1cc(N)c(C#N)c(OC(C)C)n1,5.827
Cc1c(C(=O)NCCN2CCN(C)CC2)[nH]c2cnnc(Nc3ccc(OCc4cccc(F)c4)c(Cl)c3)c12,6.074
O=C1Cc2cccc(Oc3ccc(Nc4ncnc5ccn(CCO)c45)cc3Cl)c2N1,8.824
Nc1ncnc(Nc2ccc3c(cnn3Cc3cccc(F)c3)c2)c1/C=N/N1CCOCC1,7.081
Nc1ncc(-c2cccc(S(N)(=O)=O)c2)c2occ(-c3ccc(NC(=O)Nc4cc(C(F)(F)F)ccc4F)cc3)c12,5.0
CN1CCC(c2c(O)cc(O)c3c(=O)cc(-c4ccccc4Cl)oc23)C(O)C1,5.8
Cc1cccc2c1/C(=C/c1ccc(N3CCOCC3)cc1)C(=O)N2,4.177
Nc1ncnc(Nc2ccc(OCc3ccccc3)c(Cl)c2)c1C(=O)NCCN1CCOCC1,5.0
Oc1c(I)cc(I)c2cccnc12,5.067
NCCCCNC(=O)CC1CN[C@H](C(=O)N2CCC(c3ccccc3)C2)[C@@H](C(=O)NO)C1,6.79
CSc1cnc2c(ccc3cnccc32)c1O,5.8
NC(=S)N1N=C(c2ccc(Cl)c(Cl)c2)CC1c1ccc2ccccc2c1,6.056
Nc1ncnc2onc(-c3ccc(NC(=O)Nc4cccc(C(F)(F)F)c4)cc3)c12,5.8
O=C(Nc1cnc2[nH]cc(-c3ccccc3)c2c1)c1c(F)cccc1F,5.8
COc1cc2c(Nc3ccc(-c4nc5cc(Cl)ccc5s4)cc3)ncnc2cc1OCCCN1CCN(C)CC1,5.0
Cc1cc(Nc2ncc(F)c(NC3C4C=CC(C4)C3C(N)=O)n2)ccc1N1CCN(C)CC1,6.9
Cc1ccc(CNc2c(Nc3ccncc3)c(=O)c2=O)cc1,5.8
CS(=O)(=O)CCNCc1ccc(-c2cc3c(Nc4ccc(OCc5cccc(F)c5)c(Cl)c4)ncnc3s2)[nH]1,6.815
Fc1cccc(COc2ccc(Nc3ncncc3C#Cc3cccnc3)cc2Cl)c1,6.854
C[C@H](Oc1cccc2ncnc(Nc3ccc4c(cnn4Cc4nccs4)c3)c12)C(=O)N1CCOCC1,7.921
O=c1c(NCc2ccccc2F)c(Nc2ccncc2)c1=O,5.8
O=C(Cc1cccc(Br)c1)NS(=O)(=O)c1ccc(Cl)cc1,4.63
CCOC(=O)c1cn(-c2ccc(O)cc2C)c2cc(-c3ccncc3)ccc2c1=O,5.8
CC(C)(C)NC(=O)c1ccc2nc3[nH]c4ccccc4c3nc2c1,5.8
CN1CC2(CC2)C[C@H](C(=O)NO)[C@H]1C(=O)N1CCN(c2ccccc2)CC1,6.638
CCCCN(Cc1cc(Cl)cc(Cl)c1O)C(=O)Nc1ccccc1,4.301
C#Cc1cncnc1Nc1ccc(OCc2cccc(F)c2)c(Cl)c1,5.42
CCOc1cc2ncc(C#N)c(Nc3ccc(O[C@H](C)c4ccccc4)c(Cl)c3)c2cc1NC(=O)/C=C/CN(C)C,7.119
COc1cc(-c2ccc3[nH]nc(C(=O)Nc4ccccc4)c3c2)ccc1O,5.8
O=c1[nH][nH]c2cccc(-c3ccccc3)c12,4.8
CCNCc1cncc(-c2cnc3[nH]nc(-c4nc5c(COC)cccc5[nH]4)c3c2)c1C,4.0
Nc1nccc(-c2c(-c3ccc(F)cc3)ncn2C2CCNCC2)n1,5.8
Cc1ncc([N+](=O)[O-])n1CCOC(=O)/C=C/c1ccc2ccccc2c1,5.034
O=C(Nc1cccc(-c2nc3sccn3c2-c2ccnc(Nc3ccc(N4CCOCC4)cc3)n2)c1)c1c(F)cccc1F,7.066
OCCNCc1ccn2ncnc(Nc3ccc4c(cnn4Cc4cccc(F)c4)c3)c12,7.328
Cc1cccc(NC(=O)Nc2ccc(-c3csc4c(-c5cnn(C)c5)cnc(N)c34)cc2)c1,5.8
O=C(O)c1cccc2[nH]c(-c3n[nH]c4ncc(-c5cncc6ccccc56)cc34)nc12,4.0
CCOC(=O)C1=c2sc(=Cc3ccco3)c(=O)n2C(N)=C(C#N)C1c1ccco1,5.8
COc1cccc2ncnc(Nc3ccc(OCc4ccccn4)c(Cl)c3)c12,7.62
COc1ccc(C#CC(C)(C)N)cc1-c1[nH]nc2nc(Nc3ccc(F)cc3F)ncc12,5.301
Cc1cc([N+](=O)[O-])ccc1N1CCN(C(=O)[C@H]2NCC3(CC3)C[C@@H]2C(=O)NO)CC1,6.796
CC(=O)Nc1ccc(C#Cc2cncnc2Nc2ccc(OCc3cccc(F)c3)c(Cl)c2)cc1,5.74
CN1CCC(COc2ccc3c(Nc4ccc(NC(=O)Nc5cccc(F)c5)cc4)ncnc3c2)CC1,5.0
CCC(CC)NCCCn1c(Sc2cc(OC)ccc2I)nc2c(N)ncnc21,6.678
CN1CCN([C@H]2CC[C@H](n3nc(-c4ccc(Nc5nc6cccc(Cl)c6o5)c(Cl)c4)c4c(N)ncnc43)CC2)CC1,7.538
Cc1ccc(C2CC(c3ccc(Br)cc3)=NN2C2=NC(=O)CS2)cc1,5.152
CS(=O)(=O)O[C@H]1CN[C@H](C#Cc2cc3ncnc(Nc4ccc(OCc5cccc(F)c5)c(Cl)c4)c3s2)C1,7.398
CCOc1cc2ncc(C#N)c(Nc3ccc(OCc4ccccn4)c(Cl)c3)c2cc1NC(=O)CCN(C)C,6.013
NC1CCN(Cc2ccn3ncnc(Nc4ccccc4)c23)CC1,8.046
CC(=O)Nc1cc2ccccn2n1,4.8
[O-][S+]1CCN(Cc2ccc(-c3ccc4ncnc(Nc5ccc(OCc6cccc(F)c6)c(Cl)c5)c4c3)o2)CC1,7.745
CNC(=O)c1ccc(Oc2ccc(Nc3ncnc4ccc(C#CCNC(=O)COC)cc34)cc2C)cc1,5.0
O=C(O)C1CCN(Cc2ccn3ncnc(Nc4ccc5c(cnn5Cc5cccc(F)c5)c4)c23)CC1,6.959
COc1cc2c(Nc3ccc(-c4nc5ccccc5s4)cc3F)ncnc2cc1OCCCN1CCN(C)CC1,5.62
CNC(=O)c1ccccc1Sc1ccc2c(C=Cc3ccccn3)n[nH]c2c1,5.8
O=C1Nc2ccccc2Nc2ccccc21,5.1
Cc1ncnc(Nc2ccc(OCc3cccc(F)c3)c(Cl)c2)c1C,6.854
Cc1cc(O)ccc1-n1c2cc(Cl)ccc2c(=O)c2c(N)nc(N)nc21,5.8
Clc1cc(Nc2ncnc3cccc(OC4CCOCC4)c23)ccc1OCc1ccccn1,7.62
CN(C)/N=C/c1c(N)ncnc1Nc1ccc2c(cnn2Cc2cccc(F)c2)c1,7.824
Cc1ccc(Oc2ccc(Nc3ncnc4cccc(OCC(=O)N(C)CCO)c34)cc2C)cn1,6.886
O=C1Nc2ccccc2Nc2nnc(Cl)cc21,5.8
Cc1cccc(NC(=O)Nc2ccc3c(c2)CCc2sc4ncnc(N)c4c2-3)c1,5.8
CO/N=C/c1c(N)ncnc1Nc1ccc2c(ccn2Cc2cccc(F)c2)c1,7.569
CCN(CC)CCNC(=O)c1[nH]c2cnnc(Nc3ccc(OCc4cccc(F)c4)c(Cl)c3)c2c1C,6.018
Cc1[nH]c(/C=C2\C(=O)Nc3ccc(F)cc32)c(C)c1C(=O)NC[C@H](O)CN1CCOCC1,5.0
CN(C)c1cc2c(Nc3ccc4c(cnn4Cc4ccccc4)c3)ncnc2cn1,7.084
Cc1ncc([N+](=O)[O-])n1CCOC(=O)/C=C/c1ccc(OCc2ccccc2)cc1,5.461
Cc1cc(C)c(/C=C2\C(=O)Nc3cccc(C)c32)[nH]1,4.0
COC(=O)CNCc1ccc(-c2cc3c(Nc4ccc(OCc5ccccc5)cc4)ncnc3cn2)o1,7.886
O=C(/C=C/c1ccc(-c2ccc3ncnc(Nc4ccc(OCc5cccc(F)c5)c(Cl)c4)c3c2)s1)NO,8.456
Nc1ccccc1NC(=O)c1ccc(-c2ccc3ncnc(Nc4ccc(OCc5cccc(F)c5)c(Cl)c4)c3c2)o1,8.244
NC(=O)c1cccc(-c2cnc3[nH]cc(-c4ccccc4)c3c2)c1,5.8
C=CCN(C)CC#CC(=O)Nc1ccc2ncnc(Nc3cccc(Br)c3)c2c1,7.071
C=C(CN(C)C)C(=O)Nc1cc2c(Nc3ccc(F)c(Cl)c3)c(C#N)cnc2cc1OCC,5.917
CN(C)C/C=C/C(=O)Nc1ccc2ncc(C#N)c(Nc3ccc(F)c(Cl)c3)c2c1,5.71
OCCn1ccc2ncnc(Nc3ccc(Oc4cccc5sncc45)c(Cl)c3)c21,8.678
COc1ccc(I)c(Sc2nc3c(N)ncnc3n2CCNCC(C)(C)C)c1,7.046
COc1cc(Nc2ncnc3ccc(-c4ccc(CN5C[C@@H]6[C@H](CO)[C@@H]6C5)cc4)cc23)ccc1Oc1ccccc1,8.097
O=C1Nc2ccccc2/C1=C/c1ccc(O)cc1,4.0
COCCNC(=O)c1c(N)ncnc1Nc1ccc(OCc2ccccc2)c(Cl)c1,4.0
C[C@@H](Oc1cccc2ncnc(Nc3ccc4c(cnn4Cc4ccccn4)c3)c12)C(=O)N(C)C,7.046
CCC1=C2C(Nc3ccc4c(cnn4Cc4ccccc4)c3)=NC=NC2N=C1NC(=O)OCCN1CCNCC1,7.745
Cc1cccc(NC(=O)Nc2ccc(-c3noc4ncnc(N)c34)cc2)c1,5.8
Cc1cccc(NC(=O)Cc2ccc(-c3cccc4[nH]nc(N)c34)cc2)c1,5.8
C[C@H](Oc1cccc2ncnc(Nc3ccc4c(cnn4Cc4nccs4)c3)c12)C(=O)N(C)C,7.62
COc1cc(C2=C(c3cn(COCc4ccccc4)c4ccccc34)CNC2=O)cc(OC)c1OC,4.444
CCCCN(Cc1cc(Cl)cc(Cl)c1O)C(=S)Nc1ccccc1,4.4
NC(=O)c1cc2c(-c3cc(C(F)(F)F)cc(C(F)(F)F)c3)cncc2s1,5.8
N#Cc1ncc2nc1OCCCCCOc1cc(OCCCO)c(Cl)cc1NC(=O)N2,5.4
CCCCN(Cc1cccc(C)c1O)C(=S)Nc1ccccc1,4.301
Cn1c2c(c3ccc(Cl)c(Cl)c31)C(C#N)C1(CCNCC1)NC2=O,5.0
N#C/C(=C\c1ccc(O)c(O)c1)C(=O)N1CCc2ccccc21,5.31
COc1cc2c(cc1F)C(c1ccccc1Cl)=Nc1c(n[nH]c1C)N2,5.8
O=C(O[C@H]1CN[C@H](C#Cc2cc3ncnc(Nc4ccc(OCc5cccc(F)c5)c(Cl)c4)c3s2)C1)N1CCCC1,7.495
c1ccc2c(c1)Cc1c[nH]nc1-2,4.8
Cc1ncnc(Nc2ccc(OCc3cccc(F)c3)c(Cl)c2)c1C#Cc1ccccc1,6.125
CONC(=O)c1cc(Nc2ncnn3cc(NC(=O)OCCCS(C)(=O)=O)c(C(C)C)c23)c(F)cc1F,5.276
CCN(CC)Cc1cccc2[nH]c(-c3n[nH]c4ncc(-c5cncc6ccccc56)cc34)nc12,7.051
Cc1ccc(-c2ccc3occ(-c4ccc([S@+](C)[O-])cc4)c3c2)o1,5.0
Fc1cnc(Nc2ccccc2)nc1Nc1ccccc1,5.8
OCCNc1cc2cc(-c3ccsc3)ccc2cn1,5.8
Cc1cc(C(=O)N2CCOCC2)[nH]c1/C=C1\C(=O)Nc2ncnc(Nc3ccc4c(c3)CCC4)c21,5.429
Cc1cc2cc(Nc3ncnn4cc(-c5nnc(C)o5)c(C(C)C)c34)cnc2[nH]1,5.301
COc1cc2/c(=N/c3ccc(Br)cc3F)nc[nH]c2cc1OCC1CCN(C)CC1,5.585
CCn1c2cc(Cl)c(O)cc2c(=O)c2c(=O)o[nH]c21,5.8
N#Cc1cnc2ccc(NC(=O)C#CCN3CCSCC3)cc2c1Nc1cccc(Br)c1,5.983
COC(=O)c1ccc2c(c1)NC(=O)/C2=C(\Nc1ccc(CN(C)C(=O)N(C)C)cc1)c1ccccc1,5.0
O=C(NO)[C@H]1CC(OC(=O)N2CCCC2)CN[C@@H]1C(=O)N1CC=C(c2ccccc2)CC1,8.252
CC1(O)CC(c2nc(-c3ccc4ccc(-c5ccccc5)nc4c3)c3c(N)nccn23)C1,5.8
Fc1cccc(COc2ccc(Nc3ncnc4cc(C#C[C@@H]5CCCN5)sc34)cc2Cl)c1,7.268
CCCCN(Cc1cc(C)cc(C)c1O)C(=O)Nc1ccccc1,4.301
Cc1cc(C)cc(NC(=O)Nc2ccc(-c3cccc4sncc34)cc2)c1,5.8
O=C(Nc1ccccc1)Nc1cccc(-c2nc3sccn3c2-c2ccnc(Nc3ccc(N4CCOCC4)cc3)n2)c1,6.77
CN(C)CCCC(=O)Nc1n[nH]c2nnc(-c3cccc(F)c3F)cc12,5.8
Nc1ncnc2c1c(I)nn2C1OC(CO)C(O)C1O,5.8
COc1cccc(C(C)NC(=O)c2ccc(-c3ccncn3)cc2)c1,5.8
Nc1nc2ccc(-c3c(-c4cccc(NC(=O)c5ccccc5Cl)c4)nc4sccn34)cc2[nH]1,4.903
Cc1ncc([N+](=O)[O-])n1CCOC(=O)/C=C/c1ccc(-c2ccccc2)cc1,5.668
NC(=O)c1cc2c(-c3cccc(F)c3)cncc2s1,5.8
CN(C)C(=O)CN1CCN([C@H]2CC[C@H](n3nc(-c4ccc(Nc5nc6cccc(Cl)c6o5)cc4)c4c(N)ncnc43)CC2)CC1,7.668
Nc1ccc(C#Cc2cncnc2Nc2ccc(OCc3cccc(F)c3)c(Cl)c2)cc1,7.444
CCOc1cc2ncc(C#N)c(Nc3ccc(F)c(Cl)c3)c2cc1NC(=O)/C=C/CN(C)C,5.91
N#C/C(=C\c1ccc(O)c(O)c1)C(=O)c1ccc(F)cc1,4.878
O=C(CO)N1CCC[C@H]1COc1cccc2ncnc(Nc3ccc(OCc4ccccn4)c(Cl)c3)c12,6.587
CS(=O)(=O)O.O=C(CCO)NCCn1ccc2ncnc(Nc3ccc(Oc4cccc(C(F)(F)F)c4)c(Cl)c3)c21,8.553
NCC(NC(=O)c1ccc(-c2ccncc2)cc1)c1ccccc1,5.8
C[C@@H](Oc1cc(-c2cnn(C3CCNCC3)c2)cnc1N)c1c(Cl)ccc(F)c1Cl,5.0
CCOc1cc2ncc(C#N)c(Nc3ccc(NCc4cccc5ccccc45)c(Cl)c3)c2cc1NC(=O)/C=C/CN(C)C,7.081
C=CC(=O)Nc1ccc2c(Nc3cccc(Br)c3)ncnc2c1,7.137
Cc1ccc(Oc2ccc(Nc3ncnc4cccc(O[C@H](C)C(=O)N5CCOCC5)c34)cc2C)cn1,7.658
COc1cc2ncc(C#N)c(Nc3ccc(OCc4ccccc4)c(Cl)c3)c2cc1NC(=O)/C=C/CN(C)C,7.409
C/C=C/C(=O)Nc1cc2c(Nc3ccc(F)c(Cl)c3)c(C#N)cnc2cc1OCC,4.667
CNCc1cncc(-c2cnc3[nH]nc(-c4nc5cc(OC(F)(F)F)ccc5[nH]4)c3c2)c1,5.418
Nc1nccc2scc(-c3ccc(NC(=O)Nc4ccccc4C(F)(F)F)cc3)c12,5.8
CS(=O)(=O)CCNC(=O)NCc1cccc(C#Cc2cncnc2Nc2ccc(OCc3cccc(F)c3)c(Cl)c2)n1,8.046
COc1cc(/C=C(\C#N)C(N)=O)cc(CSc2ccccn2)c1O,6.15
C[C@@H](Oc1cc(-n2cnc3ccc(CN4CCN(C)CC4)cc32)sc1C(N)=O)c1ccccc1C(F)(F)F,5.0
Cc1ccn2ncnc(Nc3ccc4c(cnn4Cc4ccccn4)c3)c12,6.509
COc1ccc(C2CC(c3ccc(C)c(C)c3)=NN2C(N)=S)cc1,5.558
O=C(Nc1cccc(Oc2cc(Nc3ccc(OCc4cccc(F)c4)c(Cl)c3)ncn2)c1)c1ccc([N+](=O)[O-])cc1,5.0
Cc1cccc(NC(=O)Nc2ccc(-c3cccc4c3CNC4=O)cc2)c1,5.8
CN(C)C(=O)O[C@@H]1CN[C@H](C#Cc2cc3ncnc(Nc4ccc(OCc5cccc(F)c5)c(Cl)c4)c3s2)C1,6.658
CNc1cc(Nc2ccc(-c3nc4ccccc4s3)cc2)ccn1,5.0
CCN(CC)C/C=C/C(=O)Nc1cc2c(Nc3ccc(F)c(Cl)c3)c(C#N)cnc2cc1OC,5.108
O=C(Cc1ccc(Br)cc1)NS(=O)(=O)c1ccc(Br)cc1,4.703
C#Cc1cc2c(cc1OC)-c1[nH]nc(-c3ccc(C#N)nc3)c1C2,5.8
CN(C(=O)N(CCCl)N=O)c1ccc2ncnc(Nc3cccc(Cl)c3)c2c1,6.167
Nc1cc(Nc2cccc(Oc3cc(Nc4ccc(OCc5cccc(F)c5)c(Cl)c4)ncn3)c2)ncn1,7.377
NCCNS(=O)(=O)c1cccc(C(=O)Nc2ccc(-c3n[nH]c(=O)c4ccccc34)cc2)c1,5.8
OCCOCCn1ccc2ncnc(Nc3ccc(Oc4cccc(OC(F)(F)F)c4)c(Cl)c3)c21,8.076
C=CC(=O)Nc1cc2c(Nc3cccc(Br)c3)ncnc2cn1,8.409
CN(CCn1ccc2ncnc(Nc3ccc(Oc4cccc(C(F)(F)F)c4)c(Cl)c3)c21)C(=O)CO,8.244
Cn1nc(C(F)(F)F)c2c(=O)c3cc(Cl)ccc3n(O)c21,5.8
OCCOCCn1ccc2ncnc(Nc3cnc(Oc4cccc(C(F)(F)F)c4)c(Cl)c3)c21,7.959
CCOc1cc2ncc(C#N)c(Nc3ccc(OCc4ccccc4)cc3)c2cc1NC(=O)/C=C/CN(C)C,6.303
COc1ccc(Nc2ncnc3cccc(OC4CCN(C)CC4)c23)cc1Cl,5.959
C#CCCCn1c(Sc2cc(OC)ccc2I)nc2c(N)nc(F)nc21,6.444
CCOC(=O)c1cn2ncnc(Nc3ccc(Oc4ccccc4)cc3)c2c1CC,6.086
CCc1c(CO)cn2ncnc(Nc3ccc4c(cnn4Cc4ccccc4)c3)c12,6.137
COc1cc(/C=C(\C#N)C(N)=O)cc(CSCc2ccccc2Cl)c1O,6.6
Cc1cc(C)c(O)c(CN(Cc2ccc(F)cc2)C(=S)Nc2ccccc2)c1,4.422
COCCOc1cc2ncnc(Nc3ccc(OC4CCN(C(=O)CC(C)(C)C)CC4)c(C)c3)c2cc1OCCOC,6.431
Cc1ccc(Oc2ccc(Nc3ncnc4[nH]nc(OCCN5CCC(O)CC5)c34)cc2F)cn1,8.301
Nc1ncnc(Nc2ccc(OCc3ccccc3)c(Cl)c2)c1-c1nnc(CCN2CCOCC2)o1,7.097
O=C1CSC(N2N=C(c3ccc(Br)cc3)CC2c2ccc(Br)cc2)=N1,5.438
CCOc1cc2ncc(C#N)c(Nc3ccc(OCc4ccccc4)c(Cl)c3)c2cc1NC(=O)/C=C/CN1C(C)CCCC1C,6.385
CCC1=C2C(Nc3ccc4c(cnn4Cc4ccccc4)c3)=NC=NC2N=C1NC(=O)O[C@H]1CC[C@H](N)CC1,7.745
CC[S@+]([O-])c1ccc(-c2coc3ccc(-c4ccc(C)o4)cc23)cc1,5.0
NC(=O)c1cc(-c2ccnc(N)n2)[nH]c1-c1ccc(Cl)cc1F,5.8
C=CC(=O)Nc1cc2c(Nc3ccc(F)c(Br)c3)ncnc2cn1,8.959
O=C1NN=Cc2c[nH]c3cc(NC(=O)C4CC4c4ccccc4)cc1c23,5.8
Oc1cccc(-c2nc(N3CCOCC3)c3oc4ncccc4c3n2)c1,5.0
O=C(O)c1ccccc1Nc1ccnc(Nc2ccc3cn[nH]c3c2)n1,5.8
Clc1cc(Nc2ncnc3[nH]nc(OCCN4CCCCCO4)c23)ccc1OCc1ccccn1,6.83
O=c1[nH]cnc2[nH]c(-c3ccnc(/C=C/c4ccc(CN5CCOCC5)cc4)c3)cc12,5.0
O=C(/C=C/C(=O)Nc1cc2c(Nc3cccc(Br)c3)ncnc2cn1)NCCCn1ccnc1,8.092
COc1cc2c(Nc3ccc(-c4nc5ccc(Cl)cc5s4)cc3F)ncnc2cc1OCCCN1CCN(C)CC1,5.0
CC[C@H](CO)Nc1nc(NCc2ccccc2)c2ncn(C(C)C)c2n1,5.0
NC(=O)c1c(OCc2c(F)cc(Br)cc2F)nsc1NC(=O)NCCCCN1CCCC1,5.8
C#Cc1cccc(Nc2ncnc3cc(OCCOC)c(OCCOC)cc23)c1,6.49
Cc1cc(C)c(O)c(CN(Cc2ccc(O)cc2)C(=S)Nc2ccccc2)c1,5.024
Nc1nonc1-n1nnc(C(=O)NN=Cc2cccs2)c1-c1cccs1,5.8
NC1CCN(Cc2ccn3ncnc(Nc4ccc5c(cnn5Cc5ccccn5)c4)c23)CC1,7.456
CCOc1cc2ncc(C#N)c(Nc3ccc(OCc4ccccc4)c(Cl)c3)c2cc1NC(=O)/C=C/CN(C)C,7.119
COc1cc(Nc2ncnc3[nH]nc(OCCN4CCC(O)CC4)c23)ccc1OCc1cccc(F)c1,6.213
O=C(Nc1cccc(-c2nc3sccn3c2-c2ccnc(Nc3cccc(N4CCOCC4)c3)n2)c1)c1c(F)cccc1F,7.066
CN1CCc2cc(Nc3nccc(-c4c(-c5cccc(NC(=O)Cc6ccccc6)c5)nc5sccn45)n3)ccc2C1,6.796
O=C1c2c(O)ccc(O)c2C(=O)c2c(NCCNCCO)ccc(NCCNCCO)c21,5.691
Cc1ccc(Oc2ccc(Nc3ncnc4cccc(O[C@H](C)C(=O)N5CCOCC5)c34)cc2Cl)cn1,7.569
CCc1c(C(=O)NCCCn2ccnc2)cn2ncnc(Nc3ccc4c(cnn4Cc4ccccc4)c3)c12,5.196
O=C(/C=C/CN1CCC(N2CCCCC2)CC1)Nc1ccc2ncnc(Nc3cccc(Br)c3)c2c1,5.798
OCc1ccn2ncnc(Nc3ccc4c(cnn4Cc4cccc(F)c4)c3)c12,6.959
Cc1cc(C(=O)NCCN2CCOCC2)[nH]c1/C=C1\C(=O)Nc2ncnc(Nc3ccc4c(ccn4Cc4ccccc4)c3)c21,5.807
Fc1cccc(COc2ccc(Nc3cc(-c4cccnc4)ncn3)cc2Cl)c1,4.0
Cl.O=C(NO)[C@H]1CC(OC(=O)N2CCCC2)CN[C@@H]1C(=O)N1CC[C@H](c2ccccc2)C1,7.553
Nc1nccc2scc(-c3ccc(NC(=O)Nc4cccc(Cl)c4)cc3)c12,5.8
CS(=O)(=O)CCNc1nc(-c2ccc3ncnc(Nc4ccc(OCc5ccccc5)c(Cl)c4)c3c2)cs1,6.499
Cc1c(Cl)c(N2CCC(CN)C2)nc2[nH]cc(C(=O)O)c(=O)c12,5.8
COc1cc(Nc2ncnc3[nH]cnc23)ccc1-c1nc2ccccc2s1,5.0
Cc1cc2cc(-c3csc4c(-c5cccc(S(C)(=O)=O)c5)cnc(N)c34)ccc2[nH]1,5.8
Cc1cc(C(=O)N2CCOCC2)[nH]c1/C=C1\C(=O)Nc2ncnc(Nc3ccc(F)c(Cl)c3)c21,5.917
CCCC(=O)Nc1n[nH]c2ccc(-c3cccc(F)c3F)cc12,5.8
Cc1cc(C)c(O)c(CN(Cc2ccccc2)C(=S)Nc2ccccc2)c1,4.301
Cc1c(Nc2ccc(OCc3cccc(F)c3)c(Cl)c2)ncnc1-c1ccccc1,4.187
CCOc1cc2ncc(C#N)c(Nc3ccc(OCc4ccccc4)c(Cl)c3)c2cc1NC(=O)/C=C/c1cn(C)cn1,6.644
CN(CCCl)C(=O)Nc1ccc2ncnc(Nc3cccc(Cl)c3)c2c1,4.638
COCCN(C)C/C=C/C(=O)Nc1ccc2ncnc(Nc3cccc(Br)c3)c2c1,6.198
O=C(Nc1ccccc1)N(Cc1ccc(F)cc1)Cc1cccc(Cl)c1O,5.462
Cc1cccc(Cl)c1Nc1nc2ccc(N3CCN[C@@H](C)C3)nc2n2cncc12,6.0
Cc1ncnc(Nc2ccc(OCc3cccc(F)c3)c(Cl)c2)c1C#CCCCN1CCOCC1,6.824
CN(C)C(=O)O[C@H]1CN[C@H](C#Cc2cc3ncnc(Nc4ccc(OCc5cccc(F)c5)c(Cl)c4)c3s2)C1,7.167
Cc1cccc(NC(=O)Nc2ccc(-c3cccc4[nH]nc(N)c34)cc2)c1,5.8
Cc1ccc(-n2nc(C(C)(C)C)cc2NC(=O)Nc2ccc(OCCN3CCOCC3)c3ccccc23)cc1,5.4
CSCC[C@H](NC(=O)[C@H](Cc1ccc(O)cc1)NC(=O)[C@@H]1CSSC[C@H](NC(=O)[C@@H](N)Cc2ccccc2)C(=O)N[C@@H](CC(=O)O)C(=O)NCC(=O)N[C@@H](Cc2ccccc2)C(=O)N[C@@H](Cc2ccc(O)cc2)C(=O)N[C@@H](C)C(=O)N1)C(=O)N[C@@H](CC(=O)O)C(=O)N[C@H](C(N)=O)C(C)C,6.495
O=C(/C=C/C(=O)Nc1cc2c(Nc3cccc(Br)c3)ncnc2cn1)NCCCN1CCOCC1,8.301
[O-][S+](CCO)CCn1ccc2ncnc(Nc3ccc(Oc4cccc(C(F)(F)F)c4)c(Cl)c3)c21,7.921
CNC(=O)C=Cc1cnc(N)c2c(-c3ccc4c(c3)OCO4)csc12,5.8
c1ccc(Cn2cnc3cc(Nc4ncnc5ccccc45)ccc32)cc1,4.569
COc1cc(Nc2c(C#N)cnc3cc4[nH]cnc4cc23)cc(OC)c1OC,6.0
O=C1Nc2ccc(Cl)cc2/C1=C/c1ccc(N2CCOCC2)cc1,5.0
CCCCC#CC(=O)Nc1cc2c(Nc3ccc(F)c(Cl)c3)ncnc2cn1,7.699
Cc1ncnc(Nc2ccc(OCc3cccc(F)c3)c(Cl)c2)c1/C=N/OCCN1CCOCC1,6.131
Cc1ncnc(Nc2ccc(OCc3cccc(F)c3)c(Cl)c2)c1C#C/C=N/OCCN1CCOCC1,7.155
CS(=O)(=O)CCNCCCCOc1ccc2ncnc(Nc3ccc(S(=O)(=O)c4ccccc4)cc3)c2c1,6.833
O=C(O[C@H]1CN[C@@H](C#Cc2cc3ncnc(Nc4ccc(OCc5cccc(F)c5)c(Cl)c4)c3s2)C1)N1CCOCC1,6.921
O=c1c(NCc2ccc(Cl)cc2Cl)c(Nc2ccc3[nH]ncc3c2)c1=O,5.8
CCN(CC)CCNC(=O)c1c(C)[nH]c(/C=C2\C(=O)Nc3ccc(F)cc32)c1C,5.0
COc1ccc(Cl)c(Nc2c(C#N)cnc3cc4c(cc23)ncn4CCN2CCOCC2)c1,6.0
N#Cc1cnc2ccc(NC(=O)/C=C/CN3CCOCC3)cc2c1Nc1ccc(F)c(Cl)c1,5.058
CNC(=O)COc1ccc(Nc2nc(Nc3ccc(C)c(S(N)(=O)=O)c3)ncc2F)cc1,5.9
O=C1Nc2ccccc2Nc2nnc(I)cc21,5.8
NC(=O)c1ccc(-c2c[nH]c3nccc(Cl)c23)cc1,5.8
O=C1Nc2ccccc2/C1=C/c1sccc1Br,4.0
COc1cc2c(Nc3ccc(-c4nc5ccc(Cl)cc5s4)cc3)ncnc2cc1OCCCN1CCN(C)CC1,5.638
O=NN(CCCl)C(=O)Nc1ccc2ncnc(Nc3cccc(Br)c3)c2c1,5.939
O=C(/C=C/c1ccc(-c2ccc3ncnc(Nc4ccc(OCc5cccc(F)c5)c(Cl)c4)c3c2)cc1)NO,7.921
CC(C)N1CCC(N2CCC(n3nc(-c4ccc(Nc5nc6cccc(Cl)c6o5)cc4)c4c(N)ncnc43)CC2)CC1,7.821
CC(C)n1nc(-c2cc3cc(O)ccc3[nH]2)c2c(N)ncnc21,5.538
Cc1cccc(Nc2nccc(Nc3c(NC(C)C(C)(C)C)c(=O)c3=O)n2)c1,5.8
O=C(COc1ccccc1)Nc1cccc(Oc2cc(Nc3ccc(OCc4cccc(F)c4)c(Cl)c3)ncn2)c1,7.102
CC(C)(O)CC(=O)NCCn1ccc2ncnc(Nc3ccc(Oc4cccc(C(F)(F)F)c4)c(Cl)c3)c21,7.77
COc1cc(C=C(C#N)C#N)cc(CS(=O)(=O)c2ccc(C)cc2)c1O,4.76
CC(=O)Nc1cccc(C#Cc2cncnc2Nc2ccc(OCc3cccc(F)c3)c(Cl)c2)c1,7.886
CCOc1cc2ncc(C#N)c(Nc3ccc(OCc4ccc(Cl)cc4)c(Cl)c3)c2cc1NC(=O)/C=C/CN(C)C,7.62
CCCCN(CCCC)C(=O)c1ccc(N(CCCl)CCCl)cc1,4.352
O=C(Cc1ccc(F)cc1)NS(=O)(=O)c1ccc(F)cc1,5.154
CCc1ncnc(Nc2ccc(OCc3cccc(F)c3)c(Cl)c2)c1C,5.538
N#C/C(=C\c1ccc(O)c(O)c1)C(=O)NC1CCCCC1,4.77
COCCOCC#Cc1cc(-c2n[nH]c3c2C(=O)c2cc(CN4CCN(C)CC4)ccc2-3)cs1,5.8
COc1ccc(-c2cc3nccn3c(Nc3ccccc3C(N)=O)n2)cc1OC,5.8
OCCOCCn1ccc2ncnc(Nc3ccc(Oc4cccc(Cl)c4)c(Cl)c3)c21,8.678
C=CC(=O)NCc1coc(-c2c(N)ncnc2Nc2ccc(OCc3ccccn3)c(Cl)c2)n1,7.65
O=C1Nc2ccccc2/C1=C/c1ccc(Br)cc1,4.0
Cc1cc(Nc2ncnc3cnc(N4CCN(C)CC4)cc23)ccc1Oc1ccc(C(=O)NCC(C)(C)C)cc1,6.886
Cc1ccn2ncnc(Nc3ccc(F)c(Cl)c3)c12,6.0
COc1ccc(NC(=O)Nc2ccc(-c3cccc4onc(N)c34)cc2)cc1Cl,5.8
Brc1ccc2c(c1)-c1[nH]ncc1C2,5.1
O=C1CCN(Cc2ccn3ncnc(Nc4ccc5c(cnn5Cc5cccc(F)c5)c4)c23)CCN1,6.125
Cc1cccc2c1/C(=C/c1ccc(N(C)C)cc1)C(=O)N2,4.0
COc1cc(C=C2SC(=O)NC2=O)ccc1O,5.8
O=C(Nc1cnccn1)Nc1ccnc2c(C(F)(F)F)cccc12,5.8
CCOc1cc2ncc(C#N)c(Nc3ccc(OCc4ccco4)c(Cl)c3)c2cc1NC(=O)/C=C/CN(C)C,7.208
COC(=O)C1CCN(Cc2ccn3ncnc(Nc4ccc5c(cnn5Cc5cccc(F)c5)c4)c23)CC1,6.0
C[C@@H](Oc1cccc2ncnc(Nc3ccc4c(cnn4Cc4nccs4)c3)c12)C(=O)N(C)C,7.585
Cc1ccc(NC(=O)c2ccc(N(CCCl)CCCl)cc2)cc1,5.726
O=C1CSC(N2N=C(c3ccc(F)cc3)CC2c2ccc(Br)cc2)=N1,5.205
COc1cc(Nc2ncnc3ccc(-c4ccc(CN5CC6C(CO)C6C5)cc4)cc23)ccc1Oc1ccccc1,8.801
Cc1ncnc(Nc2ccc(OCc3cccc(F)c3)c(Cl)c2)c1C#CCN1CCOCC1,5.269
Cc1nc(Nc2ncc(C(=O)Nc3c(C)cccc3Cl)s2)cc(N2CCN(CCO)CC2)n1,6.475
COc1cccc(C(C)NC(=O)c2ccc(-c3ccncc3F)cc2OC)c1,5.8
C[C@@H](Oc1cccc2ncnc(Nc3ccc4c(cnn4Cc4cccc(F)c4)c3)c12)C(=O)N(C)C,8.097
COC/C=C/C(=O)Nc1ccc2ncnc(Nc3cccc(Br)c3)c2c1,5.054
CCO/N=C/c1c(N)ncnc1Nc1ccc2c(cnn2Cc2cccc(F)c2)c1,8.155
N#Cc1n[nH]nc1-c1ccc(Br)cc1,5.102
O=C(Nc1cnccn1)Nc1ccnc2c(F)cccc12,5.8
COc1ccc(I)c(Sc2nc3c(N)ncnc3n2CCCNC(C)(C)C)c1,6.854
COCC(=O)NCC#Cc1ccc2ncnc(Nc3ccc(OC4CCN(C)CC4)c(C)c3)c2c1,5.0
O=C(Nc1cccc(-c2nc3sccn3c2-c2ccnc(Nc3ccc(N4CCOCC4)cc3)n2)c1)c1ccccc1,8.319
CC(C)(O)CNc1nccc(-c2c(-c3ccc(F)cc3F)nc3c(CC4CC4)nccn23)n1,5.8
CCOc1cc2ncc(C#N)c(Nc3ccc(OCc4cccs4)c(Cl)c3)c2cc1NC(=O)/C=C/CN(C)C,6.883
Cc1cccc(Nc2ncnc3ccc(NC(=O)N(C)CCCl)cc23)c1,4.928
Oc1c(Cl)cc(Cl)c(Cl)c1Cc1c(O)c(Cl)cc(Cl)c1Cl,5.479
CC1(C)c2cc(C3CCN(C4COC4)CC3)ccc2C(=O)c2c1[nH]c1cc(C#N)ccc21,4.301
COc1ccc(C2CC(c3ccc(Br)cc3)=NN2C2=NC(=O)CS2)cc1,5.033
CCNCc1cncc(-c2cnc3[nH]nc(-c4nc5cc(F)c(F)cc5[nH]4)c3c2)c1,5.444
COc1ccc2ncnc(Nc3ccc(OC4CCN(C(=O)Nc5c(F)cccc5F)CC4)c(C)c3)c2c1,6.602
Cc1cccc(NC(=O)Nc2ccc(-c3csc4c(C#CCN5CCOCC5)cnc(N)c34)cc2)c1,5.8
c1ccc(Cc2nc3ccc(Nc4ncnc5ccccc45)cc3[nH]2)cc1,5.886
O=C(NC(CO)c1ccccc1)c1ccc(-c2ccncc2)cc1,5.8
OCc1cccc(C#Cc2cncnc2Nc2ccc(OCc3cccc(F)c3)c(Cl)c2)n1,7.886
O=C(C#CCN1CCCCC1)Nc1ccc2ncnc(Nc3cccc(Br)c3)c2c1,7.137
O=c1[nH]c2ccc(Cl)cc2c(-c2ccccc2)c1C1=NNC(c2ccccc2)C1,5.8
CCOC(=O)c1cn2ncnc(NCc3ccccc3)c2c1CC,5.143
O=C(Nc1ccccc1)N(Cc1ccc(O)cc1)Cc1cc(Br)cc(Br)c1O,5.344
CCOc1cc2ncc(C#N)c(Nc3cc(Cl)c(OCc4cccc(F)c4)c(Cl)c3)c2cc1NC(=O)/C=C/CN(C)C,5.876
Cc1n[nH]c2ncc(C#N)c(-c3ccccc3)c12,5.8
NCc1cccc(C#Cc2cncnc2Nc2ccc(OCc3cccc(F)c3)c(Cl)c2)n1,7.42
O=C1CN(Cc2ccn3ncnc(Nc4ccc5c(cnn5Cc5cccc(F)c5)c4)c23)CCN1,6.699
Cc1cccc(NC(=O)Nc2ccc(-c3cccc4[nH]ncc34)cc2)c1,5.9
COc1cc2ncnc(Nc3ccc(F)c(Cl)c3)c2cc1OCCCN1CCOCC1,5.682
Cc1cc(Nc2ncnc3cnc(N(C)C)cc23)ccc1OC1CCN(C(=O)Nc2c(F)cccc2F)CC1,7.689
CCN(C)C(=O)O[C@H]1CN[C@H](C#Cc2cc3ncnc(Nc4ccc(OCc5cccc(F)c5)c(Cl)c4)c3s2)C1,7.495
COc1cc(/C=C(\C#N)C(N)=O)cc(CSc2nc3ccccc3[nH]2)c1O,5.21
CCNCc1cncc(/C=C/c2c[nH]nc2-c2nc3ccc(OC)cc3[nH]2)c1,5.519
COc1cc2ncc(C#N)c(Nc3cccc(Br)c3)c2cc1NC(=O)/C=C/CN1CCOCC1,4.467
CC(C)C(=O)N(C)C1CN[C@H](C(=O)N2CC=C(c3ccccc3)CC2)[C@@H](C(=O)NO)C1,7.81
CCN1CCN(c2ccc(Nc3nccc(-c4c(-c5cccc(NC(=O)c6c(F)cccc6F)c5)nc5sccn45)n3)cc2)CC1,7.508
COc1cc2ncnc(NCc3ccc(F)cc3)c2cc1OCCCCCCC(=O)NO,6.53
CCOc1cc2ncc(C#N)c(Nc3ccc4c(c3)CCN4Cc3ccccc3)c2cc1NC(=O)/C=C/CN(C)C,6.638
N#Cc1c(N)ncnc1Nc1ccc(OCc2ccccc2)c(Cl)c1,6.328
Fc1ccc(-c2nn3ccccc3c2-c2ccncc2)cc1,5.0
Cc1ccc(/C=C2/C(=O)Nc3ccccc32)o1,4.0
COCCOc1ccc2ncnc(Nc3ccc(OC4CCN(C(=O)C5CCCC5)CC4)c(C)c3)c2c1,7.448
O=C(O[C@H]1CN[C@H](C#Cc2cc3ncnc(Nc4ccc(Oc5ccnc6ccc(F)cc56)c(Cl)c4)c3s2)C1)N1CCOCC1,6.745
CC(=O)Nc1cc(N)c(C#N)c(-c2ccccc2)n1,5.854
COCC(=O)NCC#Cc1ccc2ncnc(Nc3ccc(OC4CCN(C(=O)Nc5c(F)cccc5F)CC4)c(C)c3)c2c1,6.721
C=C(CN1CCOCC1)C(=O)Nc1ccc2ncc(C#N)c(Nc3ccc(F)c(Cl)c3)c2c1,5.358
CS(=O)(=O)CCNCc1ccc(-c2ccc3ncnc(Nc4ccc(OCc5cccc(F)c5)cc4)c3c2)o1,7.509
CCOC(=O)c1cn2ncnc(Nc3ccc4c(cnn4Cc4ccccc4)c3)c2c1C,6.699
CCOc1cc2ncnc(Nc3cccc(Br)c3)c2cc1OCC.Cl,6.668
O=C(O)c1ccc(C(=O)/C(=C\c2ccc(F)c([N+](=O)[O-])c2)SCc2ccc(Br)cc2)cc1,5.0
Cc1ccc2c(c1)NC(=O)c1ccccc1N2,5.8
Cn1cc(-c2ccncn2)c(-c2ccc(F)cc2)n1,5.8
N#C/C(=C\c1ccc(O)c(O)c1)C(=O)c1ccc([N+](=O)[O-])cc1,5.522
COc1cc(/C=C(\C#N)C(N)=O)cc(SCCC(=O)O)c1O,4.04
COc1cc2ncnc(Nc3ccc(-c4nc5ccccc5s4)c(Cl)c3)c2cc1OCCCN1CCN(C)CC1,6.745
COC[C@H]1CCCN1/N=C/c1c(N)ncnc1Nc1ccc2c(cnn2Cc2cccc(F)c2)c1,7.143
N#Cc1c[nH]c(-c2n[nH]cc2/C=C/c2cccnc2)n1,4.0
COCC(=O)NCC#Cc1ccc2ncnc(Nc3ccc(Oc4cccc(C(=O)NC5CCC5)c4)c(C)c3)c2c1,6.717
CC(C)Cn1c(N)nc2ccc(-c3c(-c4ccc(F)cc4)nc4sccn34)cc21,6.4
COc1cccc(-c2n[nH]nc2C#N)c1OC,4.301
Cc1nc2ccc(NS(=O)(=O)c3ccc(N)cc3)cc2nc1C,5.8
Nc1nc(N)c2nc(-c3cccc(O)c3)c(-c3cccc(O)c3)nc2n1,6.357
COc1cc2ncnc(Nc3ccc(F)c(Cl)c3)c2cc1OCCCCCCC(=O)NO,7.721
CC(C)(CO)c1nnc2ccc(-c3c(-c4ccc(F)cc4F)nc4n3CCC4)nn12,5.8
CNC1CCN(Cc2ccn3ncnc(Nc4ccc5c(cnn5Cc5cccc(F)c5)c4)c23)CC1,7.268
NC(=O)c1cccc2c1Nc1nnc(Cl)cc1C(=O)N2,5.8
Nc1ncnc2c1c(I)nn2C1CCC(O)CC1,5.8
CC(C)(O)C(=O)NCCn1ccc2ncnc(Nc3ccc(Oc4cccc(C(F)(F)F)c4)c(Cl)c3)c21,7.824
O=C(NO)[C@H]1CC(CC(=O)N2CCCC2)CN[C@@H]1C(=O)N1CCN(c2ccccc2)CC1,7.553
CCCn1c(C2CCNCC2)nc(-c2ccc(Cl)c(Cl)c2)c1-c1ccnc(NC2CCCCC2)n1,5.8
O=C1NCCc2[nH]c(-c3ccnc(-c4ccccc4F)c3)cc21,5.8
CN/N=C/c1c(N)ncnc1Nc1ccc2c(cnn2Cc2cccc(F)c2)c1,6.442
CC(C)(C)Nc1c(Nc2ccnc(Nc3ccc(-c4ccncc4)cc3)n2)c(=O)c1=O,5.854
Oc1ccc(CN(Cc2cccc(Cl)c2O)C(=S)Nc2ccccc2)cc1,6.456
CC(=O)NCC(=O)N1C2CCC1c1cc(Nc3ncc(C(F)(F)F)c(NC4CCC4)n3)ccc12,5.8
COc1cc(C=C(C#N)C#N)cc(SCC(=O)O)c1O,5.34
CC(C)S(=O)(=O)CCNCc1ccc(-c2ccc3ncnc(Nc4ccc(OCc5cccc(F)c5)c(Cl)c4)c3c2)o1,7.62
CCc1c(C(=O)OCCCn2ccnc2)cn2ncnc(Nc3ccc4c(cnn4Cc4ccccc4)c3)c12,5.653
CNCCOc1n[nH]c2ncnc(Nc3ccc(OCc4ccccn4)c(Cl)c3)c12,6.0
COc1ccc(CC(=O)NS(=O)(=O)c2ccc(C)cc2)cc1,4.301
CS(=O)(=O)CCN(CC#N)Cc1ccc(-c2ccc3ncnc(Nc4ccc(OCc5cccc(F)c5)c(Cl)c4)c3c2)o1,7.658
CC#CC(=O)Nc1cc2c(Nc3ccc(F)c(Cl)c3)ncnc2cn1,7.62
OCC(CO)Nc1ncnc2[nH]cc(-c3ccccc3)c12,5.8
O=C(NO)[C@H]1CC(CC(=O)N2CCOCC2)CC[C@@H]1C(=O)N1CCN(c2ccccc2)CC1,6.682
CC(C(=O)NCCn1ccc2ncnc(Nc3ccc(Oc4cccc(C(F)(F)F)c4)c(Cl)c3)c21)S(C)(=O)=O,8.149
CCOC(=O)c1c[nH]c(/C=C2\C(=O)Nc3ccccc32)c1C,4.0
NC1CCN(Cc2ccn3ncnc(Nc4ccc(OCc5cccc[n+]5[O-])c(Cl)c4)c23)CC1,7.745
O=C(O[C@H]1CN[C@H](C#Cc2cc3ncnc(Nc4ccc(OCc5cscn5)c(Cl)c4)c3s2)C1)N1CCOCC1,7.222
CC1CNCCN(Cc2ccn3ncnc(Nc4ccc5c(cnn5Cc5cccc(F)c5)c4)c23)C1,7.131
Oc1c(Cl)cccc1CN(Cc1ccc(F)cc1)C(=S)Nc1ccccc1,5.851
Cc1cc(C)c(/C=C2\C(=O)Nc3cc(F)ccc32)[nH]1,4.0
Cc1nccn2c(-c3ccnc(NCC4(O)CC4)n3)c(-c3ccc(F)cc3F)nc12,5.8
Cc1n[nH]c2ccc(-c3cncc(OCCN)c3)cc12,5.8
CCOc1nc(C(=O)NCc2ccc(S(C)(=O)=O)cc2)cc(N)c1Cl,5.827
CCc1nc2c(c3cc(OC)c(OC)cc13)C(=O)NC2=O,5.8
Oc1c(Br)cccc1CN(Cc1ccc(F)cc1)C(=S)Nc1ccccc1,5.728
c1ccc(Cc2cn(-c3ccc4[nH]ncc4c3)nn2)cc1,5.8
COc1cc(/C=C(/C#N)C(N)=O)cc(CSCc2ccc(Cl)cc2)c1O,5.7
COc1ccc(-c2csc(N3N=C(c4ccc(Br)cc4)CC3c3ccc4c(c3)OCCO4)n2)cc1,5.879
CCc1ccc(-c2ccc3c(c2)-c2[nH]ncc2S(=O)(=O)N3C)cc1,5.0
Oc1ccc(Nc2[nH]nc(-c3ccc(O)cc3)c2-c2ccc(O)cc2)cc1,5.8
CC(C)N1CCN([C@H]2CC[C@@H](n3nc(-c4ccc(Nc5nc6cccc(Cl)c6o5)cc4)c4c(N)ncnc43)CC2)CC1,7.208
C[C@@H](CN(C)C(=O)CO)Oc1cccc2ncnc(Nc3ccc(OCc4ccccn4)c(Cl)c3)c12,6.536
NC(COc1cncc(-c2ccc3c(c2)C(=Cc2ccco2)C(=O)N3)c1)Cc1c[nH]c2ccccc12,6.0
COCCOC1CCC(n2nc(-c3ccc(Nc4nc5cc(C)cc(Cl)c5o4)cc3)c3c(N)ncnc32)CC1,5.8
COc1cc(C=O)c(Cl)cc1NC(=O)Nc1cnc(C#N)cn1,5.8
Nc1cc2c(Nc3ccc4c(cnn4Cc4ccccc4)c3)ncnc2cn1,7.013
O=S(=O)(c1cccc2cnccc12)N1CCCNCC1,5.8
CCC(C)NCCCn1c(Sc2cc(OC)ccc2I)nc2c(N)ncnc21,6.678
NNC(=O)c1c(N)ncnc1Nc1ccc(OCc2ccccc2)c(Cl)c1,6.836
O=C(NO)[C@H]1C[C@@H](CC(=O)N2CCCCC2)CC[C@@H]1C(=O)N1CCN(c2ccccc2)CC1,7.745
FC(F)(F)Oc1ccccc1Oc1ccc(Nc2ncnc3cc[nH]c23)cc1Cl,7.26
N[C@@H]1CCN(Cc2ccn3ncnc(Nc4ccc5c(cnn5Cc5cccc(F)c5)c4)c23)C1,7.155
FC(F)(F)c1c[nH]c(-c2n[nH]cc2/C=C/c2cccnc2)n1,4.0
CC(C)(C)S(=O)(=O)CC(=O)NCCn1ccc2ncnc(Nc3ccc(Oc4cccc(C(F)(F)F)c4)c(Cl)c3)c21,7.854
C[C@@H](c1ccccc1)n1ncc2cc(Nc3ncnn4ccc(COC[C@@H]5CNCCO5)c34)ccc21,6.071
CCOc1cc2ncc(C#N)c(Nc3ccc4c(ccn4S(=O)(=O)c4ccccc4)c3)c2cc1NC(=O)/C=C/CN(C)C,7.602
Cc1ccc(C2=NN(C3=NC(=O)CS3)C(c3ccccc3)C2)cc1,5.65
Cc1cn(-c2cc(NC(=O)c3ccc(C)c(Nc4nccc(-c5cccnc5)n4)c3)cc(C(F)(F)F)c2)cn1,5.0
Cc1ccc(NC(=O)Nc2ccc(-c3csc4c(-c5cnn(C(C)C(=O)N(C)C)c5)cnc(N)c34)cc2)cc1,5.8
CCN(CC)C(=O)c1c(N)ncnc1Nc1ccc(OCc2ccccc2)c(Cl)c1,4.0
CN(C)CCOc1ccc(/C=C/c2cc(-c3cc4c(=O)[nH]cnc4[nH]3)ccn2)cc1,5.022
Cn1nc(C(C)(C)C)cc1NC(=O)Nc1ccc(Cc2ccncc2)cc1,8.377
O=C(Nc1ccccc1Cl)c1ccc(N(CCCl)CCCl)cc1,4.89
O=c1oc2c(O)c(O)cc3c(=O)oc4c(O)c(O)cc1c4c23,5.451
Cc1ccc(Nc2nccc(N(C)c3ccc4c(C)n(C)nc4c3)n2)cc1S(N)(=O)=O,5.0
O=CN1CCN(c2ccc(/C=C3\C(=O)Nc4ccc(Br)cc43)cc2)CC1,4.301
Cc1ccc(Nc2ncnn3ccc(CN4CCC(N)CC4)c23)cc1,8.222
Cc1ccc(C2CC(c3ccc(F)cc3)=NN2C2=NC(=O)CS2)cc1,4.989
CN(C(=O)c1ccccc1)C1CN[C@H](C(=O)N2CC=C(c3ccccc3)CC2)[C@@H](C(=O)NO)C1,8.0
CN1CCN(CCCOc2n[nH]c3ncnc(Nc4ccc(OCc5ccccn5)c(Cl)c4)c23)CC1,8.398
N#Cc1ncc2nc1OCCCCCOc1cc(OCC(O)CO)c(Cl)cc1NC(=O)N2,5.8
O=C(Nc1cccc(C(F)(F)F)n1)Nc1ccnc2c(F)cccc12,5.8
NC(=S)N1N=C(c2ccc(Cl)c(Cl)c2)CC1c1ccc(O)cc1,5.182
Nc1ncnc2c1sc1ncnc(N)c12,5.8
CN1CCN([C@H]2CC[C@H](n3nc(-c4ccc(Nc5nc6cccc(Cl)c6o5)cc4Cl)c4c(N)ncnc43)CC2)CC1,7.812
Nc1ccc(-c2cncc(OCC(N)Cc3c[nH]c4ccccc34)c2)cc1C(=O)c1ccccc1,5.8
OC1CCN(CCOc2n[nH]c3ncnc(Nc4ccc(OCc5cccc(F)c5)c(Cl)c4)c23)CC1,7.721
CN1CCN([C@H]2CC[C@H](n3nc(-c4ccc(Nc5nc6cccc(Cl)c6o5)cc4)c4c(N)ncnc43)CC2)CC1,6.469
O=C(Cc1ccc(Cl)cc1)NS(=O)(=O)c1ccc(F)cc1,4.957
COc1cc(/C=C(\C#N)C(N)=O)cc(SCCCC(=O)O)c1O,4.8
C=CC(=O)Nc1cccc(Oc2cc(Nc3ccc(OCc4cccc(F)c4)c(Cl)c3)ncn2)c1,7.538
CNc1ccnc(Nc2ccc(-c3nc4ccccc4s3)cc2)n1,5.0
O=C(Cc1ccc(F)cc1)NS(=O)(=O)c1ccccc1,5.075
O=c1nc(-c2ccc3[nH]ncc3c2)cc(-c2ccccc2)[nH]1,5.8
Cc1nnc(-c2cc3c(Oc4ccc(C(F)(F)F)cc4)cncc3s2)o1,5.8
Cn1cc(-c2cnc(N)c3c(-c4ccc(NC(=O)Nc5cccc(F)c5)cc4)csc23)cn1,5.9
Cc1cc(C)c(NC(=O)/C(C#N)=C/c2ccc(O)c(O)c2)c(C)c1,4.68
O=c1[nH]c2cnc(-n3cnc4ccc(F)cc43)nc2n1C1CCOc2c(F)cccc21,5.8
O=C(Nc1ccc(Oc2ncnc3scc(-c4ccccc4)c23)c(F)c1)c1cccn(-c2ccc(F)cc2)c1=O,5.0
O=C(Nc1ccccc1)N(Cc1ccc(O)cc1)Cc1cccc(Cl)c1O,5.644
CN(C)CCCNC(=O)/C=C/C(=O)Nc1cc2c(Nc3cccc(Br)c3)ncnc2cn1,7.886
COc1cc2ncnc(Nc3ccc4nc(Cc5ccccc5)[nH]c4c3)c2cc1OC,5.959
OCCn1cc(-c2ccc3c(c2)CC/C3=N\O)c(-c2ccncc2)n1,5.0
Nc1ccc2ncnc(Nc3cccc(Cl)c3)c2c1,5.483
CN(CCO)C(=O)COc1cccc2ncnc(Nc3ccc(OCc4ccccn4)c(Cl)c3)c12,6.921
O=C(O[C@H]1CN[C@H](C#Cc2cc3ncnc(Nc4ccc5c(cnn5Cc5ccccc5)c4)c3s2)C1)N1CCOCC1,7.301
O=C(O[C@H]1CN[C@H](C#Cc2cc3ncnc(NCc4cccc(Oc5ccccc5)c4)c3s2)C1)N1CCOCC1,7.06
CN(CCCl)C(=O)Nc1ccc2ncnc(Nc3cccc(Br)c3)c2c1,4.955
Cc1c(-c2cccc(OCc3ccccc3)c2)c2c(N)ncnc2n1C1CCC(N2CCCC2)CC1,5.8
CNC(=O)C(C)n1cc(-c2cnc(N)c3c(-c4ccc(NC(=O)Nc5ccc(C)cc5)cc4)csc23)cn1,5.8
O=C(CCCCCCOc1ccc2ncnc(Nc3ccc(F)c(Cl)c3)c2c1)NO,7.362
Cc1ccc(NC(=O)c2ccc(CN3CCN(C)CC3)cc2)cc1Nc1nccc(-c2cccnc2)n1,5.4
Clc1cc(-c2c[nH]c3ncccc23)nc(NC2CCCCC2)n1,5.8
Cc1n[nH]c2cccc(-c3ccc(NC(=O)Nc4cccc(C(F)(F)F)c4)cc3)c12,5.8
COCCOc1cc2ncnc(Nc3ccc(OC4CCN(C(=O)C5CCCC5)CC4)c(C)c3)c2cc1OCCOC,6.276
OCCn1ccc2ncnc(Nc3ccc(Oc4cccc5sccc45)c(Cl)c3)c21,8.222
NC(=O)c1cc2c(-c3ccc(F)cc3)cncc2s1,5.8
CS(=O)(=O)CCNCCCCOc1ccc2ncnc(Nc3ccc4c(cnn4Cc4cccc(F)c4)c3)c2c1,6.409
Cc1ncc([N+](=O)[O-])n1CCOC(=O)/C=C/c1cccc2ccccc12,5.298
Clc1ccc(COC(Cn2ccnc2)c2ccc(Cl)cc2Cl)cc1,4.857
CCOc1cc2ncc(C#N)c(Nc3ccc(OCc4ccccc4OC)c(Cl)c3)c2cc1NC(=O)/C=C/CN(C)C,7.357
O=C1CSC(N2N=C(c3ccccc3)CC2c2ccc(Cl)cc2)=N1,5.316
COC(=O)c1ccc2c(c1)S(=O)(=O)N=S2c1ccc(Br)cc1,6.0
Cc1ccc2nccc(NC(=O)Nc3cccc(C(F)(F)F)n3)c2c1,5.8
c1cnc2nc(-c3ccc4[nH]ncc4c3)cn2c1,5.8
CCN1CCN(c2ccc(Nc3nccc(-c4c(-c5cccc(NC(=O)Cc6ccccc6)c5)nc5sccn45)n3)cc2)CC1,6.64
O=C(Nc1cccc(C(F)(F)F)n1)Nc1ccnc2c(C(F)(F)F)cccc12,5.8
O=C1CSC(N2N=C(c3ccccc3)CC2c2ccc(Br)cc2)=N1,5.516
CC(C)c1ccc(-c2n[nH]nc2C#N)cc1,4.87
CCN(CC)C(C)/C=C/C(=O)Nc1cc2c(Nc3ccc(F)c(Cl)c3)c(C#N)cnc2cc1OC,5.019
O=C(NO)[C@H]1CC2(CC2)CN[C@@H]1C(=O)N1CC=C(c2ccccc2)C1,7.886
O=C(O[C@@H]1CN[C@@H](C#Cc2cc3ncnc(Nc4ccc(OCc5cccc(F)c5)c(Cl)c4)c3s2)C1)N1CCOCC1,7.398
Cc1ncnc(Nc2ccc(OCc3cccc(F)c3)c(Cl)c2)c1C#Cc1ccc(CNC(C)C)cc1,7.745
Cc1n[nH]c2ccc(-c3cncc(OCC(N)Cc4cccc(Cl)c4)c3)cc12,5.8
Cn1ccc2ncnc(Nc3ccc(Oc4cccc(Cl)c4)c(Cl)c3)c21,8.481
O=C(Cc1ccc(Cl)cc1)NS(=O)(=O)c1ccccc1,4.884
CSc1ccc(/C=C2\C(=O)Nc3ccccc32)s1,4.0
CC(C)C(=O)N(C)C1CN[C@H](C(=O)N2CC[C@H](c3ccccc3)C2)[C@@H](C(=O)NO)C1,7.284
COc1cc2ncc(C#N)c(Nc3ccc(F)c(Cl)c3)c2cc1NC(=O)/C=C/CN(C)C,5.348
NC1CCN(Cc2ccn3ncnc(Nc4ccc(F)c(Cl)c4)c23)CC1,8.222
Cc1cc(-c2ccccc2)n(-c2cc(NN=Cc3ccco3)ncn2)n1,6.4
Fc1cccc(COc2ccc(Nc3ccncn3)cc2Cl)c1,4.64
C[C@@H](COc1cccc2ncnc(Nc3ccc(OCc4ccccn4)c(Cl)c3)c12)N(C)C(=O)CO,6.883
CN(C)CC(=O)N1CCC(c2ccc(NC(=O)c3nc(C#N)c[nH]3)c(C3=CCCCC3)c2)CC1.Cl,5.0
COc1ccc2nc(-c3n[nH]cc3/C=C/c3cccnc3)[nH]c2c1,5.0
Cc1ccccc1NC(=O)Nc1ccc(NC(=O)c2csc3ncnc(N)c23)cc1,5.8
O=C1CSC(N/N=C/c2ccc(O)cc2)=N1,5.159
CC(=O)N(c1ccncc1)c1c(NC(C)C(C)(C)C)c(=O)c1=O,5.8
Clc1cccc(Nc2ncnc3ccc(NCc4ccc5c(c4)OCO5)cc23)c1,5.187
O=C(/C=C/c1ccc(O)c(O)c1)OCCc1ccccc1,5.876
CCN(CCO)CCCOc1ccc2c(Nc3cc(CC(=O)Nc4cccc(F)c4)[nH]n3)ncnc2c1,5.584
COc1cc2ncnc(Nc3ccc(-c4nc5ccccc5s4)cc3)c2cc1OCCCN1CCN(C)CC1,5.658
COc1cc(/C=C(\C#N)C(N)=O)cc(CSc2nc3cc(Cl)ccc3s2)c1O,4.82
O=C1CSC(N2N=C(c3ccccc3)CC2c2ccc(F)cc2)=N1,5.197
CC(C)S(=O)(=O)CC(=O)NCCn1ccc2ncnc(Nc3ccc(Oc4cccc(C(F)(F)F)c4)c(Cl)c3)c21,7.959
COc1cc(C)c(Cl)cc1NC(=O)Nc1cnc(C#N)cn1,5.8
O=C(/C=C/c1ccc(-c2ccc3ncnc(Nc4ccc(OCc5cccc(F)c5)c(Cl)c4)c3c2)o1)NO,8.387
COc1cc(/C=C(\C#N)C(N)=O)cc(CSc2ccccc2C(=O)O)c1O,6.35
CC(C)(Oc1cccc2ncnc(Nc3ccc(OCc4ccccn4)c(Cl)c3)c12)C(N)=O,8.699
CN(C)c1ccc(/C=C2\C(=O)Nc3ccccc32)cc1,4.0
Cc1cc(C(C#N)c2ccc(Cl)cc2)c(Cl)cc1NC(=O)c1cc(I)cc(I)c1O,5.608
O=C(NCC1CCCCC1)c1cc2c(-c3ccccc3)n[nH]c2s1,5.8
Fc1cccc(COc2ccc(Nc3ncncc3C#Cc3cc[nH]n3)cc2Cl)c1,7.18
C=CC(=O)Nc1ccc2ncnc(Nc3cccc(C)c3)c2c1,7.658
Cc1c[nH]c(/C=C2\C(=O)Nc3ccccc32)c1C,4.0
NS(=O)(=O)c1cccc(Nc2ncc3ccn(-c4ccccc4)c3n2)c1,5.8
CC(C)NCc1cccc2[nH]c(-c3n[nH]c4ncc(-c5cncc6ccccc56)cc34)nc12,4.0
CCc1cnc(CSc2cnc(NC(C)=O)s2)o1,4.602
CC(C)c1ccc(/C=C2/C(=O)Nc3ccccc32)cc1,4.772
CCC1=C2C(Nc3ccc4c(cnn4Cc4ccccc4)c3)=NC=NC2N=C1NC(=O)OCCC1CCNCC1,7.432
CNC(=O)N1CCN(CCCOc2ccc3c(c2)-c2[nH]nc(-c4ccc(C#N)nc4)c2C3)CC1,5.8
CC(C)(CO)CNc1nccc(-c2c(-c3ccc(F)cc3)nc3c(CC4CC4)nccn23)n1,5.8
O=C(c1cc(-c2ccc3[nH]ncc3c2)on1)N1CCCC(O)C1,5.8
CN(C)C/C=C/C(=O)Nc1ccc2ncc(C#N)c(Nc3cccc(Br)c3)c2c1,5.381
COC(=O)c1ccc2c(c1)NC(=O)/C2=C(\Nc1ccc(N(C)C(=O)CN2CCN(C)CC2)cc1)c1ccccc1,4.301
CNc1nccc(Nc2ccc(-c3nc4ccccc4s3)cc2)n1,5.0
COc1cccc2c1C(=O)c1c(O)c3c(c(O)c1C2=O)C[C@@](O)(C(=O)CO)C[C@@H]3O[C@H]1C[C@H](N)[C@H](O)[C@H](C)O1,5.605
CC(C)(C)OC(=O)n1ncc2cc(Nc3c(NCc4ccc(S(N)(=O)=O)cc4)c(=O)c3=O)ccc21,5.8
CN1CCN(Cc2ccc3c(c2)Cc2c(-c4csc(C#CCOCC5CC5)c4)n[nH]c2-3)CC1,5.8
N#C/C(=C\c1cc(O)c(O)c(CSCc2ccccc2)c1)C(N)=O,5.99
COCC#CC(=O)Nc1ccc2ncnc(Nc3cccc(Br)c3)c2c1,7.481
C=CC(=O)Nc1ccc2ncnc(Nc3ccc(Oc4ccccc4)cc3)c2c1,8.066
Nc1ncnc2scc(-c3ccc(NC(=O)Nc4ccccc4)cc3)c12,5.8
FC(F)(F)c1c[nH]c(-c2n[nH]cc2/C=C/c2cncc3ccccc23)n1,4.485
O=C(CO)N1CCC[C@@H]1COc1cccc2ncnc(Nc3ccc(OCc4ccccn4)c(Cl)c3)c12,6.833
COc1nccc(-c2c(-c3ccc(F)cc3)ncn2C2CCC(O)CC2)n1,5.8
Cc1ccc(C(=O)Nc2ccon2)cc1Nc1ncnc2c1cnn2-c1ccccc1,5.8
O=C(Nc1cnccn1)Nc1ccnc2ccc(C(F)(F)F)cc12,5.8
Cc1ncc([N+](=O)[O-])n1CCOC(=O)/C=C/c1cccc(F)c1,4.776
Brc1cnc2[nH]cc(-c3ccccc3)c2c1,5.8
CCOc1cc2ncc(C#N)c(Nc3ccc(OCc4ccccc4)c(Cl)c3)c2cc1NC(=O)/C=C/CN(CC(C)O)CC(C)O,6.983
O=C(O[C@H]1CN[C@H](C#Cc2cc3ncnc(Nc4ccc(OCc5ccccn5)c(Cl)c4)c3s2)C1)N1CCOCC1,7.523
NS(=O)(=O)c1ccc(Nc2nc(N3CCOCC3)nc3[nH]cnc23)cc1,5.0
COC(=O)c1c(-c2ccc(NC(=O)Nc3ccccc3)cc2)c2c(N)ncnn2c1C,5.8
Clc1cccc(Nc2ncnc3ccc(NCc4ccc5c(c4)OCCCCO5)cc23)c1,5.0
C[C@@H](Oc1cccc2ncnc(Nc3ccc4c(cnn4Cc4cscn4)c3)c12)C(=O)N(C)C,6.638
O=C(O[C@H]1CN[C@H](C#Cc2cc3ncnc(Nc4ccc5c(cnn5Cc5cc(F)ccc5F)c4)c3s2)C1)N1CCOCC1,7.456
COc1cc(Nc2c(C#N)cnc3cc(OCCCN4CCN(C)CC4)c(OC)cc23)c(Cl)cc1Cl,5.594
c1ccc(Cn2nnc(-c3ccc4[nH]ncc4c3)c2C2CC2)cc1,5.8
Clc1cc(NC2CCCCC2)nc(-c2c[nH]c3ncccc23)n1,5.8
CO/N=C/c1c(N)ncnc1NCc1ccc(F)c(Cl)c1,5.282
O=C(NO)[C@H]1CC2(CC2)CN[C@@H]1C(=O)N1CCN2c3ccccc3CC2C1,6.553
O=S(=O)(Nc1ccc(Cl)cc1O)c1ccccc1,4.509
CC(C)(C(=O)NCCn1ccc2ncnc(Nc3ccc(Oc4cccc5sncc45)c(Cl)c3)c21)S(C)(=O)=O,8.699
COc1cccc(C(=O)Nc2cnc3[nH]cc(-c4ccccc4)c3c2)c1,5.8
CS(=O)(=O)CC(=O)NCCn1ccc2ncnc(Nc3ccc(Oc4cccc(C(F)(F)F)c4)c(Cl)c3)c21,8.201
CS(=O)(=O)CCNc1nc(-c2ccc3ncnc(Nc4ccc(OCc5cccc(F)c5)c(Cl)c4)c3c2)cs1,6.923
C[C@@H](Oc1cccc2ncnc(Nc3ccc4c(cnn4Cc4nccs4)c3)c12)C(=O)N1CCOCC1,7.367
Cc1ccn2ncnc(Nc3ccc(OCc4cccc(F)c4)c(Cl)c3)c12,6.367
CS(=O)(=O)CCNCc1cc(-c2cc3c(Nc4ccc(OCc5cccc(F)c5)c(Cl)c4)ncnc3s2)cs1,6.524
C#Cc1cccc(Nc2ncnc3cc(OC)c(OCCCCC(=O)NO)cc23)c1,7.416
O=C(Cc1ccc(F)cc1)NS(=O)(=O)c1ccc(Br)cc1,5.087
CSc1ccc(/C=C2\C(=O)Nc3cccc(C)c32)s1,4.039
COc1ccc(CC(=O)NS(=O)(=O)c2ccc(Cl)cc2)cc1,4.421
COc1cc2c(Nc3ccc(Br)cc3F)ncnc2cc1OCC1CCN(C)CC1.Cl,4.699
CCNCc1cncc(/C=C/c2c[nH]nc2-c2nc(C(F)(F)F)c[nH]2)c1,4.0
CN(C(=O)N(CCCl)N=O)c1ccc2ncnc(Nc3cccc(Br)c3)c2c1,5.514
COCC1CCCN1CC#CC(=O)Nc1ccc2ncc(C#N)c(Nc3cccc(Br)c3)c2c1,5.914
Cc1ncc([N+](=O)[O-])n1CC(=O)NS(=O)(=O)c1ccc(Cl)cc1,5.467
O=C(O[C@H]1CN[C@H](C#Cc2cc3ncnc(Nc4ccc(Oc5ccccn5)c(Cl)c4)c3s2)C1)N1CCOCC1,7.222
O=C1CSC(N/N=C/c2cccc([N+](=O)[O-])c2)=N1,4.424
Cc1cccc(CN(Cc2ccc(O)cc2)C(=S)Nc2ccccc2)c1O,5.147
COc1ccc2ncnc(Nc3ccc(OCc4ccccc4)cc3)c2c1,6.51
C/C=C\C(=O)Nc1ccc2ncnc(Nc3cccc(Br)c3)c2c1,4.664
O=C(Cc1cccc(Br)c1)NS(=O)(=O)c1ccc(Br)cc1,4.563
O=C(Cc1ccc(Cl)cc1)NS(=O)(=O)c1ccc(Cl)cc1,4.875
COc1nccc(-c2c(-c3ccc(F)cc3)ncn2C2CCNCC2)n1,5.8
COc1cc2ncnc(Nc3ccc(F)c(Cl)c3)c2cc1OCCCC(=O)NO,7.907
CCOc1nc(C(=O)NCc2ccncc2)cc(N)c1C#N,5.8
CCOc1nc(C(=O)NCc2ccc(S(C)(=O)=O)cc2)cc(N)c1C#N,5.8
Cc1ncc([N+](=O)[O-])n1CCOC(=O)/C=C/c1ccccc1F,4.384
CCN(CC)C/C=C/c1nc(O)c2c(ccc3nc(Nc4c(Cl)cccc4Cl)n(C)c32)c1C,5.0
CCNC(=O)c1cncc(/C=C/c2c[nH]nc2-c2nc3ccc(OC)cc3[nH]2)c1,4.432
C#Cc1cccc(Nc2ncnc3cc(OCCCCCCC(=O)NO)c(OC)cc23)c1,7.287
COc1ccc(Cl)c(Nc2c(C#N)cnc3cc4[nH]cnc4cc23)c1,6.0
Nc1ncnc2c1c(-c1cccc(OCc3ccccc3)c1)cn2C1CC(CN2CCCC2)C1,5.8
NC(=O)c1cccc2cn[nH]c12,4.8
COCC(=O)NCC#Cc1ccc2ncnc(Nc3ccc(Oc4cccc(C(=O)NCC(C)(C)C)c4)c(C)c3)c2c1,6.923
COc1cc2ncnc(Nc3ccc(F)c(Cl)c3)c2cc1NC(=O)/C=C/CN1CCCCC1.O,7.337
COc1ccc(C2=NN(c3ccccc3)C(c3ccc4ccccc4c3)C2)cc1,5.839
O=C(NCCO)C1=Cc2c(ncnc2Nc2ccc(Oc3cccc(C(F)(F)F)c3)c(Cl)c2)NCC1,7.538
CCOc1cc2ncc(C#N)c(Nc3ccc(Sc4nc(-c5ccccc5)cs4)c(Cl)c3)c2cc1NC(=O)/C=C/CN(C)C,7.886
O=C1CSC(N2N=C(c3ccc(Cl)cc3)CC2c2ccccc2)=N1,5.152
Nc1n[nH]c2cccc(-c3ccc(NC(=O)Nc4cc(C(=O)O)ccc4F)cc3)c12,5.8
Cc1ccc(Cn2cc(-c3ccc4[nH]ncc4c3)nn2)c(C)c1,5.8
O=C1CSC(N/N=C/c2cc(Br)cc(Br)c2O)=N1,5.428
CCNC(=O)O[C@H]1CN[C@H](C#Cc2cc3ncnc(Nc4ccc(OCc5cccc(F)c5)c(Cl)c4)c3s2)C1,7.367
Cc1ccc(Oc2ccc(Nc3ncnc4cccc(O[C@H](C)C(=O)N(C)C)c34)cc2C)cn1,7.638
CCOc1cc2ncc(C#N)c(Nc3ccc(OCc4ccccc4)c(Cl)c3)c2cc1NC(=O)/C=C/CN1CCC(O)(O)CC1,7.237
CCOc1cc2ncc(C#N)c(Nc3ccc(OCc4ccccn4)c(Cl)c3)c2cc1NC(=O)/C=C/CN(C)C,8.699
CCOc1cc2ncc(C#N)c(Nc3ccc(OCc4ccccc4)c(Cl)c3)c2cc1NC(=O)/C=C/CN1CCC1,7.398
N=C(N)SCCCn1c(=O)c2c(c1=O)n1c3ccccc3cc1c1cccc3ccn2c31,5.114
CN(C)CCc1cccc(Nc2nccc(-c3c(-c4cccc(NC(=O)Cc5ccccc5)c4)nc4sccn34)n2)c1,6.824
Cc1cc(C)cc(NC(=O)Nc2ccc(NC(=O)c3csc4ncnc(N)c34)cc2)c1,5.8
Cc1nn(C)c2sc(C(N)=O)c(N)c12,4.8
Cc1ncc([N+](=O)[O-])n1CCOC(=O)/C=C/c1ccccc1,4.967
Cc1ccc(F)c(NC(=O)Nc2ccc(-c3nsc4ncnc(N)c34)cc2)c1,5.8
COc1cc(-c2ccc3c(c2)Nc2ccc([N+](=O)[O-])cc2NC3=O)ccc1O,5.8
CN1CCC=C(C(=O)Nc2ccc3ncnc(Nc4cccc(Br)c4)c3c2)C1,5.297
O=[N+]([O-])c1cccc(-c2nc3sccn3c2-c2ccnc(Nc3ccccc3)n2)c1,5.222
CCCCN(Cc1cccc(Cl)c1O)C(=S)Nc1ccccc1,4.488
Nc1ccccc1NC(=O)CCc1ccc(-c2ccc3ncnc(Nc4ccc(OCc5cccc(F)c5)c(Cl)c4)c3c2)cc1,8.328
CS(=O)(=O)CCNCc1ccc(-c2cc3ncnc(Nc4ccc(OCc5cccc(F)c5)c(Cl)c4)c3s2)o1,7.149
O=C(CCl)Nc1ccc2ncnc(Nc3cc(Cl)c(Cl)cc3F)c2c1,7.301
Cc1c(C)n(Cc2ccccc2)c2ccc(C(=O)Nc3nc[nH]n3)cc12,5.8
O=C1NCc2c(Oc3ccc(Nc4ncnc5ccn(CCO)c45)cc3Cl)cccc21,6.824
CCc1c(C(=O)NC)cn2ncnc(Nc3ccc4c(cnn4Cc4ccccc4)c3)c12,6.886
CN(C)CCc1ccc(Nc2nccc(-c3c(-c4cccc(NC(=O)c5c(F)cccc5F)c4)nc4sccn34)n2)cc1,7.569
COCC(=O)NC/C=C/c1ccc2ncnc(Nc3ccc(Oc4ccc(C)nc4)c(C)c3)c2c1,7.644
CC(=NNC(=N)N)c1cc(NC(=O)c2cccc(C(=O)Nc3cc(C(C)=NNC(=N)N)cc(C(C)=NNC(=N)N)c3)c2)cc(C(C)=NNC(=N)N)c1,5.8
CN(c1ncccc1CNc1nc(Nc2ccc3c(c2)CC(=O)N3)ncc1C(F)(F)F)S(C)(=O)=O,5.8
O=C1CSC(NN=C2CCCCC2)=N1,4.301
Nc1cccc(Oc2cc(Nc3ccc(OCc4cccc(F)c4)c(Cl)c3)ncn2)c1,6.253
C=CC(=O)Nc1cc2c(Nc3ccc(F)c(Cl)c3)ncnc2cc1OCCCN1CCOCC1,7.175
NC(=S)N1N=C(c2ccccc2)CC1c1ccc2ccccc2c1,5.245
C/C=C/C(=O)Nc1ccc2ncnc(Nc3cccc(Br)c3)c2c1,4.039
Fc1cccc(COc2ccc(Nc3ncnc4cc(C#C[C@H]5CCCN5)sc34)cc2Cl)c1,7.886
CN(C)c1cc2sncc2cc1NC(=O)C(=O)O,5.8
CC#CC(=O)Nc1ccc2ncnc(Nc3cccc(Br)c3)c2c1,6.423
COCCOc1cc2ncnc(Nc3ccc(OC4CCN(C(=O)Nc5c(F)cccc5F)CC4)c(C)c3)c2cc1OCCOC,6.357
O=NN(CCCl)C(=O)Nc1ccc2ncnc(Nc3cccc(Cl)c3)c2c1,5.268
Clc1csc2ncnc(Nc3ccccc3)c12,5.8
Cn1cc(C(CN)c2cncc(C=Cc3ccncc3)c2)c2ccccc21,5.8
Clc1ccc(C2=NN(c3ccccc3)C(c3ccc4ccccc4c3)C2)cc1Cl,5.991
COCCO/N=C/c1c(N)ncnc1Nc1ccc2c(cnn2Cc2cccc(F)c2)c1,8.222
Cc1cc(Cl)c2oc(Nc3ccc(-c4nn([C@H]5CC[C@@H](N6CCN(C)CC6)CC5)c5ncnc(N)c45)cc3)nc2c1,5.281
O=C1CSC(N/N=C/c2cccc(F)c2)=N1,4.663
Cc1cc(Nc2ncc(C(=O)Nc3c(C)cccc3Cl)s2)nc(C)n1,5.284
O=C(O)c1ccc(Nc2ncc3c(n2)-c2ccc(Cl)cc2C(c2c(F)cccc2F)=NC3)cc1,5.4
CCOc1cc2ncc(C#N)c(Nc3ccc(NCc4ccccc4)c(Cl)c3)c2cc1NC(=O)/C=C/CN(C)C,6.987
COc1cc2ncc(C#N)c(Nc3ccc(F)c(Cl)c3)c2cc1OCCCN1CCOCC1,4.833
CCNCc1cncc(-c2cnc3[nH]nc(-c4nc5cc(N6CCN(C)CC6)ccc5[nH]4)c3c2)c1,5.971
Fc1cccc(COc2ccc(Nc3ncnc4sc(-c5ccc[nH]5)cc34)cc2Cl)c1,6.693
NC(=S)N1N=C(c2ccccc2)CC1c1cccc2ccccc12,5.14
O=C1Nc2ccccc2/C1=C/c1ccc[nH]1,4.0
Cc1ccc(-c2cnc(N)c3c(-c4ccc(NC(=O)Nc5cccc(F)c5)cc4)csc23)cn1,5.8
CS(=O)(=O)CC(=O)NCCn1ccc2ncnc(Nc3ccc(Oc4cccc(Cl)c4)c(Cl)c3)c21,8.538
C=CC(=O)Nc1cc2c(Nc3ccc(F)c(Cl)c3)ncnc2cc1OCCCN1CCOCC1.Cl.Cl,7.748
Nc1n[nH]c2cc(-c3ccc(NC(=O)Nc4cccc(C(F)(F)F)c4)cc3)ccc12,5.8
CC(C)(O)C(=O)NCCn1ccc2ncnc(Nc3ccc(Oc4cccc5sncc45)c(Cl)c3)c21.CS(=O)(=O)O,8.658
O=C(NCc1ccc(Cl)c(Cl)c1)Nc1ccc2[nH]ncc2c1,5.8
CC(C)n1c2c(c3c1-c1ccccc1C3=O)C(=O)CCC2,4.456
COc1cc2ncc(C#N)c(Nc3ccc(F)c(Cl)c3)c2cc1NC(=O)/C=C/C(C)N1CCOCC1,4.469
CN(C(=O)C1CCCCC1)c1ccc2c(c1)nc(NC(=O)c1ccc(C#N)cc1)n2CCC(N)=O,5.8
Clc1ccc2cc(-c3ccncc3)cnc2c1,5.0
Cc1ncnc(Nc2ccc(OCc3cccc(F)c3)c(Cl)c2)c1C#Cc1ccc(CN2CCCC2)o1,6.854
Nc1ncnc2sc3c(c12)-c1ccc(NC(=O)Nc2ccccc2)cc1CC3,5.8
Cc1ncnc(Nc2ccc(OCc3cccc(F)c3)c(Cl)c2)c1/C=C/C(=O)NCCN1CCOCC1,6.498
NCCC(C(=O)Nc1ccc2[nH]ncc2c1)c1ccc(Cl)c(Cl)c1,5.8
CN1CCC(C(=O)n2nc(N)c3cc(-c4cn(Cc5ccccc5)nn4)ccc32)CC1,5.8
O=C1CSC(N2N=C(c3ccc(Cl)cc3)CC2c2ccc(Cl)cc2)=N1,5.002
Cc1cc(Nc2ncnc3ccc(OCCCN4CCOCC4)cc23)ccc1OC1CCN(C(=O)CC(C)(C)C)CC1,7.297
OCCn1ccc2ncnc(Nc3ccc(Oc4cccc5[nH]ncc45)c(Cl)c3)c21,8.77
CO/N=C/c1c(N)ncnc1Nc1ccc2c(cnn2Cc2ccccc2)c1,7.658
CCC1=C2C(Nc3ccc4c(cnn4Cc4ccccc4)c3)=NC=NC2N=C1NC(=O)OCCN1CCOCC1,7.114
O=C(O[C@H]1CN[C@H](C#Cc2cc3ncnc(Nc4ccc(Cc5ccccc5)cc4)c3s2)C1)N1CCOCC1,7.222
Cc1cccc(NC(=O)Nc2ccc(-c3csc4c(C#Cc5cccnc5)cnc(N)c34)cc2)c1,5.8
CC(N)C1CCC(C(=O)Nc2ccnc3[nH]ccc23)CC1,5.8
COc1cc2ncc(C#N)c(Nc3cccc(Br)c3)c2cc1NC(=O)/C=C/CN(C)C,5.247
CS(=O)(=O)CCNCc1ccc(-c2cc3c(Nc4ccc(OCc5cccc(F)c5)c(Cl)c4)ncnc3s2)s1,7.022
CN1CC[C@H](c2c(O)cc(O)c3c(=O)cc(-c4ccccc4Cl)oc23)[C@H](O)C1,4.801
Cc1ncc([N+](=O)[O-])n1CCOC(=O)/C=C/c1ccc(F)cc1,5.234
Cc1cccc(CN(Cc2ccc(O)cc2)C(=O)Nc2ccccc2)c1O,4.734
c1cnc2nc(-c3ccc4[nH]ncc4c3)c(NC3CCCCC3)n2c1,5.8
Cc1c(C(=O)N2CCOc3ccc(-c4ccc(N)nc4)cc3C2)ccc(S(C)(=O)=O)c1F,5.456
O=S(=O)(CCNCc1ccc(-c2ccc3ncnc(Nc4ccc(OCc5cccc(F)c5)c(Cl)c4)c3c2)o1)c1ccccc1,7.523
Nc1ncc(C=CC(=O)NCCCn2ccnc2)c2scc(-c3ccc(Br)cc3)c12,5.9
Nc1ncc(-c2ccncc2)c2scc(-c3ccc(NC(=O)Nc4cc(C(F)(F)F)ccc4F)cc3)c12,5.8
N#Cc1ccc(-c2n[nH]c3c2Cc2ccc(OCCN4CCOCC4)cc2-3)cn1,5.8
CC(C)N(CC#CC(=O)Nc1ccc2ncc(C#N)c(Nc3cccc(Br)c3)c2c1)C(C)C,6.495
Nc1ncnc2c1ncn2CC(=O)c1c[nH]c2ccccc12,4.022
COc1cn2ncnc(Nc3ccc4c(cnn4Cc4cccc(F)c4)c3)c2c1COC[C@@H]1CNCCO1,6.602
CS(=O)(=O)N1CCCN(Cc2ccn3ncnc(Nc4ccc5c(cnn5Cc5cccc(F)c5)c4)c23)CC1,6.921
CC(C)O/N=C/c1c(N)ncnc1Nc1ccc2c(cnn2Cc2cccc(F)c2)c1,7.602
C[C@@H](Oc1cccc2ncnc(Nc3ccc(OCc4ccccn4)c(Cl)c3)c12)C(=O)N(C)C,7.469
CCNC(=O)O[C@@H]1CN[C@H](C#Cc2cc3ncnc(Nc4ccc(OCc5cccc(F)c5)c(Cl)c4)c3s2)C1,6.886
Cc1ccc(Oc2ccc(Nc3ncnc4[nH]nc(OCCN5CCC(O)CC5)c34)cc2Cl)cn1,6.735
CO/N=C/c1c(N)ncnc1Nc1ccc(OCc2ccccc2)c(Cl)c1,6.815
CN1CCN(C(=O)CC2CC[C@H](C(=O)N3CCN(c4ccccc4)CC3)[C@@H](C(=O)NO)C2)CC1,7.0
CCOC(=O)CNc1cccc(Oc2cc(Nc3ccc(OCc4cccc(F)c4)c(Cl)c3)ncn2)c1,6.66
O=C1CSC(N/N=C/c2cc(Br)ccc2O)=N1,6.377
COc1cccc2c1Nc1cc(Nc3ccncc3)ccc1C(=O)N2,6.5
COc1cc(Nc2c(C#N)cnc3cc4c(cc23)ncn4CCN2CCOCC2)c(C)cc1Cl,6.0
Fc1cccc(Cn2ncc3cc(Nc4ncnn5ccc(COC6CCNCC6)c45)ccc32)c1,7.155
NC(COc1cncc(-c2cc3cnccc3s2)c1)Cc1c[nH]c2ccccc12,5.8
Cc1c[nH]c(/C=C2\C(=O)Nc3ccccc32)c1CCC(=O)O,4.0
COc1ccc(C(=O)Nc2cnc3[nH]cc(-c4ccccc4)c3c2)cc1,5.8
O=C1NCCc2[nH]c(-c3ccncc3)cc21,5.8
C[C@@H]1CCN(C(=O)CC#N)C[C@@H]1N(C)c1ncnc2[nH]ccc12,5.0
COc1ccc(C2=NN(C3=NC(=O)CS3)C(c3ccc(Br)cc3)C2)cc1,5.561
COCC(=O)NCC#Cc1ccc2ncnc(Nc3ccc(Oc4cccc(C(=O)NC(C)(C)C)c4)c(C)c3)c2c1,7.634
C[C@H](CN(C)C)Oc1cccc2ncnc(Nc3ccc(OCc4cnccn4)c(Cl)c3)c12,9.0
COc1cc(C2=C(c3c[nH]c4ccc(Br)cc34)C(=O)NC2=O)cc(OC)c1OC,4.876
O=C(NO)[C@H]1CC(OC(=O)N2CCCC2)CN[C@@H]1C(=O)N1Cc2ccccc2C1,7.155
OCCSCCn1ccc2ncnc(Nc3ccc(Oc4cccc(C(F)(F)F)c4)c(Cl)c3)c21,8.027
CN1CCN(c2ccc3nc(-c4n[nH]cc4/C=C/c4cccnc4)[nH]c3c2)CC1,5.032
COc1cc2ncnc(N[C@@H](C)c3ccc(F)cc3)c2cc1OCCCCCCC(=O)NO,6.757
NC(=S)N1N=C(c2ccc(Br)cc2)CC1c1cccc2ccccc12,5.039
C=CCNC1=C2C[C@@H](C)C[C@H](OC)[C@H](O)[C@@H](C)/C=C(\C)[C@H](OC(N)=O)[C@@H](OC)/C=C\C=C(/C)C(=O)NC(=CC1=O)C2=O,7.509
Nc1ccc2ncnc(Nc3cccc(Br)c3)c2c1,6.174
O=c1[nH]cnc2c1sc1c(Cl)ccc(Cl)c12,5.8
COCOCC#CC(=O)Nc1ccc2ncnc(Nc3cccc(Br)c3)c2c1,6.914
C=CC(=O)Nc1cc2c(Nc3ccc(F)c(Cl)c3)c(C#N)cnc2cc1OCCCN1CCOCC1,5.772
COc1ccc(CC(=O)NS(=O)(=O)c2ccc(F)cc2)cc1,4.63
CN1C[C@@H](OC(=O)N2CCCCCCC2)C[C@H](C(=O)NO)[C@H]1C(=O)N1CCN(c2ccccc2)CC1,7.561
CCOc1cc2ncc(C#N)c(Nc3ccc(OCc4ccc5ccccc5c4)c(Cl)c3)c2cc1NC(=O)/C=C/CN(C)C,7.745
Cc1cncc2cccc(S(=O)(=O)N3CCCNCC3C)c12,5.8
Cc1cccc(NC(=O)Nc2ccc(NC(=O)c3csc4ncnc(N)c34)cc2)c1,5.8
OC1CCC(Nc2cc(Cl)nc(-c3c[nH]c4ncccc34)n2)CC1,6.0
O=C1CSC(N2N=C(c3ccc(Br)cc3)CC2c2ccc(F)cc2)=N1,5.089
CN1CCN(c2nc(C3=C(c4c[nH]c5ccccc45)C(=O)NC3=O)c3ccccc3n2)CC1,5.0
CCOc1nc2cccc(C(=O)O)c2n1Cc1ccc(-c2ccccc2-c2nnn[nH]2)cc1,5.226
COc1cc2ncc(C#N)c(Nc3ccc(NCc4ccccc4)c(Cl)c3)c2cc1NC(=O)/C=C/CN(C)C,4.886
Cc1ncnc(Nc2ccc(OCc3cccc(F)c3)c(Cl)c2)c1C#Cc1ccc(CN(C)C)cc1,7.387
Cc1cc(C(=O)N2CCOCC2)[nH]c1/C=C1\C(=O)Nc2ncnc(Nc3ccc4c(cnn4Cc4ccccc4)c3)c21,7.0
N#Cc1cnc(NC(=O)Nc2ccc3cc(C(=O)O)ccc3c2)cn1,5.8
CN(C)CC#CC(=O)Nc1ccc2ncnc(Nc3cccc(Br)c3)c2c1,7.854
CS(=O)(=O)CCNCCCCOc1ccc2ncnc(Nc3ccc(F)c(Cl)c3)c2c1,5.86
O=C(O[C@H]1CN[C@H](C#Cc2cc3ncnc(Nc4ccc(Sc5ccccn5)cc4)c3s2)C1)N1CCOCC1,6.658
O=C(NO)[C@H]1CC2(CC2)CN[C@@H]1C(=O)N1CC[C@H](c2ccccc2)C1,7.036
C[C@@H](Oc1cccc2ncnc(Nc3ccc4c(cnn4Cc4cscn4)c3)c12)C(N)=O,6.854
FC(F)(F)c1ccccc1Oc1ccc(Nc2ncnc3cc[nH]c23)cc1Cl,6.921
CC(=O)Nc1cccc(CNc2c(Nc3ccc4[nH]ncc4c3)c(=O)c2=O)c1,5.8
CCCCCOc1ccc(Nc2c(C#N)cnc3cc(OCC)c(NC(=O)/C=C/CN(C)C)cc23)cc1Cl,5.831
Cc1cccc(Nc2ncnc3ccc(NC(=O)NCCCl)cc23)c1,5.678
CCc1c(CC(N)=O)cn2ncnc(Nc3ccc4c(cnn4Cc4ccccc4)c3)c12,5.62
C=CC(=O)Nc1cc2c(Nc3cccc(Br)c3)ncnc2cc1OCCCN1CCOCC1,8.194
COC(=O)C1=Cc2c(ncnc2Nc2ccc(Oc3cccc4sccc34)c(Cl)c2)NCC1,7.745
O=C(NO)[C@H]1CCCC[C@@H]1C(=O)N1CCN(c2ccccc2)CC1,6.328
C=C(C)C(=O)Nc1ccc2ncnc(Nc3cccc(Br)c3)c2c1,4.817
COc1cc(C=C(C#N)C#N)cc(CSc2ccccc2C(=O)O)c1O,5.0
c1ccc(C2=NN(c3ccccc3)C(c3cccc4ccccc34)C2)cc1,5.417
O=C(Nc1cccc(C(F)(F)F)n1)Nc1ccnc2cc(C(F)(F)F)ccc12,5.8
CCN(CC)CC#Cc1cnc(N)c2c(-c3ccc(NC(=O)Nc4cccc(C)c4)cc3)csc12,5.8
CS(=O)(=O)CCNc1nc(-c2ccc3ncnc(Nc4ccc(OCc5ccccc5)cc4)c3c2)cs1,5.824
CN(C)C/C=C/C(=O)Nc1cc2c(Nc3ccc(F)c(Cl)c3)c(C#N)cnc2cc1OC(F)(F)F,5.384
Nc1ncnc2c1c(-c1ccc3nc(Cc4ccccc4)[nH]c3c1)nn2[C@H]1CC[C@H](N2CCOCC2)CC1,6.73
Cc1cccc(-c2[nH]c(-c3ccnc(N)n3)cc2C(N)=O)c1C,5.8
C#Cc1cccc(Nc2ncnn3ccc(CN4CCC(N)CC4)c23)c1,8.155
Cc1ccc(F)c(-c2ccc3nnc(N)n3c2)c1,5.8
CCC1C(=O)N(C)c2cnc(Nc3ccc(C(=O)NC4CCN(C)CC4)cc3OC)nc2N1C1CCCC1,5.8
Nc1nccc(C#Cc2cncnc2Nc2ccc(OCc3cccc(F)c3)c(Cl)c2)n1,7.921
Nc1ncnc2scc(-c3ccc(NC(=O)Nc4cc(C(F)(F)F)ccc4F)cc3)c12,5.8
O=C1N/C=C/c2ccc(c(Br)c2)Oc2cc(cc(Br)c2O)CCNC(=O)/C(=N/O)Cc2ccc(c(Br)c2)Oc2cc(cc(Br)c2O)C/C1=N\O,5.553
Oc1ccc(CN(Cc2cc(Cl)cc(Cl)c2O)C(=S)Nc2ccccc2)cc1,5.91
COc1cc2ncnc(Nc3ccc(F)c(Cl)c3)c2cc1S(=O)(=O)CCCCCCC(=O)NO,5.699
COCc1cccc2[nH]c(-c3n[nH]c4ncc(-c5cncc(CN(C)C)c5)cc34)nc12,4.0
C[C@@H](Oc1cccc2ncnc(Nc3ccc4c(cnn4Cc4ccccn4)c3)c12)C(=O)N1CCOCC1,7.292
O=C1CSC(N2N=C(c3ccc(F)cc3)CC2c2ccc(Cl)cc2)=N1,4.881
Cc1cc(C=C(C#N)C#N)cc(O)c1O,4.23
CC(=O)N1CCC[C@@H]1C#Cc1cc2ncnc(Nc3ccc(OCc4cccc(F)c4)c(Cl)c3)c2s1,7.42
Cc1cc(Nc2ncnc3cnc(N(C)C)cc23)ccc1Oc1ccc(C(=O)NCC(C)(C)C)cc1,7.319
CCN1CCN(CCCC#Cc2c(C)ncnc2Nc2ccc(OCc3cccc(F)c3)c(Cl)c2)CC1,7.444
C[C@H](c1cccc(F)c1)n1ncc2cc(Nc3ncnn4ccc(COC[C@@H]5CNCCO5)c34)ccc21,7.387
O=C(NO)[C@H]1CC(CC(=O)N2CCCC2)CC[C@@H]1C(=O)N1CCN(c2ccccc2)CC1,7.004
Cn1ccc2ncnc(Nc3ccc(Oc4cccc(C(F)(F)F)c4)c(Cl)c3)c21,7.959
